frame_index,frame_name,time_seconds,timestamp,abs_timestamp,ground,environment,objects,score
0,DJI_0408_frame_000000,0.0,0:00:00,,1;0;0;0,0.3992;0.0000;0.0000,0;0;0,100.0
125,DJI_0408_frame_000125,5.0,0:00:05,,1;0;0;0,0.4213;0.0000;0.0000,0;0;0,100.0
250,DJI_0408_frame_000250,10.0,0:00:10,,1;0;0;0,0.3404;0.0000;0.0000,0;1;0,77.88
375,DJI_0408_frame_000375,15.0,0:00:15,,1;0;0;0,0.3560;0.0000;0.0000,0;0;0,100.0
500,DJI_0408_frame_000500,20.0,0:00:20,,0;1;0;0,0.3188;0.0000;0.0000,0;2;0,63.74
625,DJI_0408_frame_000625,25.0,0:00:25,,1;0;0;0,0.3327;0.0000;0.0000,0;1;0,77.88
750,DJI_0408_frame_000750,30.0,0:00:30,,1;0;0;0,0.5801;0.0000;0.0000,0;5;0,65.24
875,DJI_0408_frame_000875,35.0,0:00:35,,1;0;0;0,0.5552;0.0000;0.0000,0;0;0,100.0
1000,DJI_0408_frame_001000,40.0,0:00:40,,1;0;0;0,0.5706;0.0000;0.0000,0;0;0,100.0
1125,DJI_0408_frame_001125,45.0,0:00:45,,1;0;0;0,0.6322;0.0000;0.0000,0;0;0,100.0
1250,DJI_0408_frame_001250,50.0,0:00:50,,1;0;0;0,0.5795;0.0000;0.0000,0;0;0,100.0
1375,DJI_0408_frame_001375,55.0,0:00:55,,0;0;0;1,0.7466;0.0000;0.0000,0;0;0,82.0
1500,DJI_0408_frame_001500,60.0,0:01:00,,1;0;0;0,0.6736;0.0000;0.0000,0;8;0,65.01
1625,DJI_0408_frame_001625,65.0,0:01:05,,1;0;0;0,0.5711;0.0000;0.0019,0;0;0,99.91
1750,DJI_0408_frame_001750,70.0,0:01:10,,1;0;0;0,0.6603;0.0000;0.0000,0;0;0,100.0
1875,DJI_0408_frame_001875,75.0,0:01:15,,1;0;0;0,0.8007;0.0000;0.0000,0;0;0,100.0
2000,DJI_0408_frame_002000,80.0,0:01:20,,0;1;0;0,0.6440;0.0000;0.0012,0;0;0,93.95
2125,DJI_0408_frame_002125,85.0,0:01:25,,1;0;0;0,0.8188;0.0000;0.0000,0;0;0,100.0
2250,DJI_0408_frame_002250,90.0,0:01:30,,1;0;0;0,0.7118;0.0000;0.0000,0;0;0,100.0
2375,DJI_0408_frame_002375,95.0,0:01:35,,1;0;0;0,0.6453;0.0000;0.0000,0;0;0,100.0
2500,DJI_0408_frame_002500,100.0,0:01:40,,1;0;0;0,0.7475;0.0000;0.0000,0;0;0,100.0
2625,DJI_0408_frame_002625,105.0,0:01:45,,1;0;0;0,0.4815;0.0000;0.0000,0;0;0,100.0
2750,DJI_0408_frame_002750,110.0,0:01:50,,1;0;0;0,0.6589;0.0000;0.0000,0;0;0,100.0
2875,DJI_0408_frame_002875,115.0,0:01:55,,1;0;0;0,0.6204;0.0000;0.0000,0;0;0,100.0
3000,DJI_0408_frame_003000,120.0,0:02:00,,1;0;0;0,0.6649;0.0000;0.0000,0;0;0,100.0
3125,DJI_0408_frame_003125,125.0,0:02:05,,0;0;1;0,0.3216;0.0000;0.0000,0;0;0,86.0
3250,DJI_0408_frame_003250,130.0,0:02:10,,0;1;0;0,0.7034;0.0000;0.0000,0;1;0,71.88
3375,DJI_0408_frame_003375,135.0,0:02:15,,1;0;0;0,0.5989;0.0000;0.0000,0;1;0,77.88
3500,DJI_0408_frame_003500,140.0,0:02:20,,0;1;0;0,0.3179;0.0000;0.0000,0;1;0,71.88
3625,DJI_0408_frame_003625,145.0,0:02:25,,1;0;0;0,0.4124;0.0000;0.0000,0;0;0,100.0
3750,DJI_0408_frame_003750,150.0,0:02:30,,1;0;0;0,0.6304;0.0000;0.0000,0;0;0,100.0
3875,DJI_0408_frame_003875,155.0,0:02:35,,1;0;0;0,0.6779;0.0000;0.0000,0;0;0,100.0
4000,DJI_0408_frame_004000,160.0,0:02:40,,1;0;0;0,0.6819;0.0000;0.0000,0;1;0,77.88
4125,DJI_0408_frame_004125,165.0,0:02:45,,1;0;0;0,0.4567;0.0000;0.0000,0;0;0,100.0
4250,DJI_0408_frame_004250,170.0,0:02:50,,1;0;0;0,0.5020;0.0000;0.0000,0;0;0,100.0
4375,DJI_0408_frame_004375,175.0,0:02:55,,1;0;0;0,0.4379;0.0000;0.0000,0;0;0,100.0
4500,DJI_0408_frame_004500,180.0,0:03:00,,1;0;0;0,0.6458;0.0000;0.0000,0;0;0,100.0
4625,DJI_0408_frame_004625,185.0,0:03:05,,1;0;0;0,0.4799;0.0000;0.0000,0;0;0,100.0
4750,DJI_0408_frame_004750,190.0,0:03:10,,1;0;0;0,0.4517;0.0000;0.0000,0;0;0,100.0
4875,DJI_0408_frame_004875,195.0,0:03:15,,1;0;0;0,0.6517;0.0000;0.0000,0;0;0,100.0
5000,DJI_0408_frame_005000,200.0,0:03:20,,1;0;0;0,0.6292;0.0000;0.0000,0;1;1,74.54
5125,DJI_0408_frame_005125,205.0,0:03:25,,1;0;0;0,0.6788;0.0000;0.0000,0;1;0,77.88
5250,DJI_0408_frame_005250,210.0,0:03:30,,1;0;0;0,0.5927;0.0000;0.0000,0;2;0,69.74
5375,DJI_0408_frame_005375,215.0,0:03:35,,1;0;0;0,0.6235;0.0000;0.0000,0;4;0,65.64
5500,DJI_0408_frame_005500,220.0,0:03:40,,1;0;0;0,0.6412;0.0000;0.0000,0;2;0,69.74
5625,DJI_0408_frame_005625,225.0,0:03:45,,1;0;0;0,0.5613;0.0000;0.0000,0;1;0,77.88
5750,DJI_0408_frame_005750,230.0,0:03:50,,1;0;0;0,0.6237;0.0000;0.0000,0;1;0,77.88
5875,DJI_0408_frame_005875,235.0,0:03:55,,1;0;0;0,0.6194;0.0000;0.0000,0;4;0,65.64
6000,DJI_0408_frame_006000,240.0,0:04:00,,1;0;0;0,0.6724;0.0000;0.0000,0;0;0,100.0
6125,DJI_0408_frame_006125,245.0,0:04:05,,1;0;0;0,0.6586;0.0000;0.0000,0;2;0,69.74
6250,DJI_0408_frame_006250,250.0,0:04:10,,1;0;0;0,0.6040;0.0000;0.0000,0;3;0,66.74
6375,DJI_0408_frame_006375,255.0,0:04:15,,1;0;0;0,0.6631;0.0000;0.0000,0;2;0,69.74
6500,DJI_0408_frame_006500,260.0,0:04:20,,1;0;0;0,0.6636;0.0000;0.0000,0;1;0,77.88
6625,DJI_0408_frame_006625,265.0,0:04:25,,1;0;0;0,0.6190;0.0000;0.0000,0;5;0,65.24
6750,DJI_0408_frame_006750,270.0,0:04:30,,1;0;0;0,0.6420;0.0000;0.0329,0;8;0,63.7
6875,DJI_0408_frame_006875,275.0,0:04:35,,1;0;0;0,0.6863;0.0000;0.0000,0;0;0,100.0
7000,DJI_0408_frame_007000,280.0,0:04:40,,1;0;0;0,0.6853;0.0000;0.0034,0;0;0,99.87
7125,DJI_0408_frame_007125,285.0,0:04:45,,1;0;0;0,0.5960;0.0000;0.0137,0;0;0,99.39
7250,DJI_0408_frame_007250,290.0,0:04:50,,1;0;0;0,0.6677;0.0000;0.0000,0;0;0,100.0
7375,DJI_0408_frame_007375,295.0,0:04:55,,1;0;0;0,0.7313;0.0000;0.0000,0;0;0,100.0
7500,DJI_0408_frame_007500,300.0,0:05:00,,1;0;0;0,0.6344;0.0000;0.0000,0;0;0,100.0
7625,DJI_0408_frame_007625,305.0,0:05:05,,1;0;0;0,0.5897;0.0000;0.0000,0;0;0,100.0
7750,DJI_0408_frame_007750,310.0,0:05:10,,1;0;0;0,0.4258;0.0000;0.0678,0;0;0,96.29
7875,DJI_0408_frame_007875,315.0,0:05:15,,1;0;0;0,0.5278;0.0000;0.0090,0;0;0,99.55
8000,DJI_0408_frame_008000,320.0,0:05:20,,1;0;0;0,0.6218;0.0000;0.0000,0;0;0,100.0
8125,DJI_0408_frame_008125,325.0,0:05:25,,1;0;0;0,0.6142;0.0000;0.0000,0;0;0,100.0
8250,DJI_0408_frame_008250,330.0,0:05:30,,1;0;0;0,0.4994;0.0000;0.0001,0;0;0,99.99
8375,DJI_0408_frame_008375,335.0,0:05:35,,1;0;0;0,0.5229;0.0000;0.0884,0;0;0,96.09
8500,DJI_0408_frame_008500,340.0,0:05:40,,1;0;0;0,0.7207;0.0000;0.0000,0;0;0,100.0
8625,DJI_0408_frame_008625,345.0,0:05:45,,1;0;0;0,0.6456;0.0000;0.0000,0;0;0,100.0
8750,DJI_0408_frame_008750,350.0,0:05:50,,1;0;0;0,0.7670;0.0000;0.0000,0;0;0,100.0
8875,DJI_0408_frame_008875,355.0,0:05:55,,1;0;0;0,0.4570;0.0000;0.0000,0;0;0,100.0
9000,DJI_0408_frame_009000,360.0,0:06:00,,0;1;0;0,0.6674;0.0000;0.0000,0;1;0,71.88
9125,DJI_0408_frame_009125,365.0,0:06:05,,0;1;0;0,0.6826;0.0000;0.0000,0;2;0,63.74
9250,DJI_0408_frame_009250,370.0,0:06:10,,1;0;0;0,0.6119;0.0104;0.0000,0;7;0,65.03
9375,DJI_0408_frame_009375,375.0,0:06:15,,1;0;0;0,0.7690;0.0000;0.0000,0;0;0,100.0
9500,DJI_0408_frame_009500,380.0,0:06:20,,1;0;0;0,0.7344;0.0000;0.0000,0;2;0,69.74
9625,DJI_0408_frame_009625,385.0,0:06:25,,1;0;0;0,0.6929;0.0000;0.0000,2;1;0,84.21
9750,DJI_0408_frame_009750,390.0,0:06:30,,1;0;0;0,0.5740;0.0000;0.0000,2;2;0,72.07
9875,DJI_0408_frame_009875,395.0,0:06:35,,1;0;0;0,0.4512;0.0000;0.0000,0;0;0,100.0
10000,DJI_0408_frame_010000,400.0,0:06:40,,1;0;0;0,0.4717;0.0000;0.0000,0;2;0,69.74
10125,DJI_0408_frame_010125,405.0,0:06:45,,1;0;0;0,0.5202;0.0000;0.0000,1;1;0,80.73
10250,DJI_0408_frame_010250,410.0,0:06:50,,1;0;0;0,0.4633;0.0000;0.0000,1;0;0,100.0
10375,DJI_0408_frame_010375,415.0,0:06:55,,1;0;0;0,0.5187;0.0000;0.0001,0;0;0,100.0
10500,DJI_0408_frame_010500,420.0,0:07:00,,1;0;0;0,0.4501;0.0000;0.0000,0;0;0,100.0
10625,DJI_0408_frame_010625,425.0,0:07:05,,1;0;0;0,0.4052;0.0000;0.0000,0;0;0,100.0
10750,DJI_0408_frame_010750,430.0,0:07:10,,1;0;0;0,0.6135;0.0000;0.0000,1;0;0,100.0
10875,DJI_0408_frame_010875,435.0,0:07:15,,1;0;0;0,0.6445;0.0000;0.0000,0;0;0,100.0
11000,DJI_0408_frame_011000,440.0,0:07:20,,1;0;0;0,0.6212;0.0000;0.0000,0;0;0,100.0
11125,DJI_0408_frame_011125,445.0,0:07:25,,1;0;0;0,0.6417;0.0000;0.0000,0;0;0,100.0
11250,DJI_0408_frame_011250,450.0,0:07:30,,1;0;0;0,0.6398;0.0000;0.0000,0;0;0,100.0
11375,DJI_0408_frame_011375,455.0,0:07:35,,1;0;0;0,0.6748;0.0000;0.0000,0;0;0,100.0
11500,DJI_0408_frame_011500,460.0,0:07:40,,1;0;0;0,0.7066;0.0000;0.0000,0;0;0,100.0
11625,DJI_0408_frame_011625,465.0,0:07:45,,1;0;0;0,0.7354;0.0000;0.0000,0;0;0,100.0
11750,DJI_0408_frame_011750,470.0,0:07:50,,1;0;0;0,0.8135;0.0000;0.0000,0;0;0,100.0
11875,DJI_0408_frame_011875,475.0,0:07:55,,1;0;0;0,0.7711;0.0000;0.0000,2;0;0,100.0
12000,DJI_0408_frame_012000,480.0,0:08:00,,1;0;0;0,0.7006;0.0000;0.0000,1;0;0,100.0
12125,DJI_0408_frame_012125,485.0,0:08:05,,1;0;0;0,0.6555;0.0000;0.0000,0;0;0,100.0
12250,DJI_0408_frame_012250,490.0,0:08:10,,1;0;0;0,0.6879;0.0000;0.0000,0;0;0,100.0
12375,DJI_0408_frame_012375,495.0,0:08:15,,1;0;0;0,0.7306;0.0000;0.0000,0;0;0,100.0
12500,DJI_0408_frame_012500,500.0,0:08:20,,1;0;0;0,0.6811;0.0000;0.0000,0;0;0,100.0
12625,DJI_0408_frame_012625,505.0,0:08:25,,1;0;0;0,0.6912;0.0000;0.0000,3;0;0,100.0
12750,DJI_0408_frame_012750,510.0,0:08:30,,1;0;0;0,0.7308;0.0000;0.0000,0;0;0,100.0
12875,DJI_0408_frame_012875,515.0,0:08:35,,1;0;0;0,0.7061;0.0000;0.0000,0;0;0,100.0
13000,DJI_0408_frame_013000,520.0,0:08:40,,1;0;0;0,0.6877;0.0000;0.0000,0;0;0,100.0
13125,DJI_0408_frame_013125,525.0,0:08:45,,0;0;0;1,0.6699;0.0000;0.0000,0;0;0,82.0
13250,DJI_0408_frame_013250,530.0,0:08:50,,1;0;0;0,0.4263;0.0000;0.0000,0;0;0,100.0
13375,DJI_0408_frame_013375,535.0,0:08:55,,1;0;0;0,0.4991;0.0000;0.0000,0;0;0,100.0
13500,DJI_0408_frame_013500,540.0,0:09:00,,1;0;0;0,0.5293;0.0000;0.0000,0;0;0,100.0
13625,DJI_0408_frame_013625,545.0,0:09:05,,0;1;0;0,0.6132;0.0000;0.0000,0;0;0,94.0
13750,DJI_0408_frame_013750,550.0,0:09:10,,1;0;0;0,0.5732;0.0000;0.0000,0;0;0,100.0
13875,DJI_0408_frame_013875,555.0,0:09:15,,1;0;0;0,0.6420;0.0000;0.0000,0;0;0,100.0
14000,DJI_0408_frame_014000,560.0,0:09:20,,1;0;0;0,0.6618;0.0000;0.0000,0;0;0,100.0
14125,DJI_0408_frame_014125,565.0,0:09:25,,1;0;0;0,0.7139;0.0000;0.0000,0;0;0,100.0
14250,DJI_0408_frame_014250,570.0,0:09:30,,1;0;0;0,0.7100;0.0000;0.0000,0;0;0,100.0
14375,DJI_0408_frame_014375,575.0,0:09:35,,0;0;1;0,0.4628;0.0000;0.0004,0;0;0,85.98
14500,DJI_0408_frame_014500,580.0,0:09:40,,1;0;0;0,0.6650;0.0000;0.0000,2;0;0,100.0
14625,DJI_0408_frame_014625,585.0,0:09:45,,1;0;0;0,0.6345;0.0000;0.0000,0;0;0,100.0
14750,DJI_0408_frame_014750,590.0,0:09:50,,1;0;0;0,0.6398;0.0000;0.0000,0;0;0,100.0
14875,DJI_0408_frame_014875,595.0,0:09:55,,1;0;0;0,0.6897;0.0000;0.0000,0;0;0,100.0
15000,DJI_0408_frame_015000,600.0,0:10:00,,1;0;0;0,0.6445;0.0000;0.0000,0;0;0,100.0
15125,DJI_0408_frame_015125,605.0,0:10:05,,1;0;0;0,0.7192;0.0000;0.0000,0;0;0,100.0
15250,DJI_0408_frame_015250,610.0,0:10:10,,1;0;0;0,0.7062;0.0000;0.0000,0;0;0,100.0
15375,DJI_0408_frame_015375,615.0,0:10:15,,0;0;0;1,0.6937;0.0000;0.0000,0;0;0,82.0
15500,DJI_0408_frame_015500,620.0,0:10:20,,1;0;0;0,0.5740;0.0000;0.0000,0;0;0,100.0
15625,DJI_0408_frame_015625,625.0,0:10:25,,1;0;0;0,0.6729;0.0000;0.0000,0;0;0,100.0
15750,DJI_0408_frame_015750,630.0,0:10:30,,1;0;0;0,0.6663;0.0000;0.0000,0;0;0,100.0
15875,DJI_0408_frame_015875,635.0,0:10:35,,1;0;0;0,0.6997;0.0000;0.0000,0;0;0,100.0
16000,DJI_0408_frame_016000,640.0,0:10:40,,1;0;0;0,0.6942;0.0000;0.0000,0;0;0,100.0
16125,DJI_0408_frame_016125,645.0,0:10:45,,1;0;0;0,0.7048;0.0000;0.0000,0;0;0,100.0
16250,DJI_0408_frame_016250,650.0,0:10:50,,0;0;0;1,0.7305;0.0000;0.0000,0;0;0,82.0
16375,DJI_0408_frame_016375,655.0,0:10:55,,1;0;0;0,0.7831;0.0000;0.0000,0;0;0,100.0
16500,DJI_0408_frame_016500,660.0,0:11:00,,1;0;0;0,0.7424;0.0000;0.0000,0;0;0,100.0
16625,DJI_0408_frame_016625,665.0,0:11:05,,1;0;0;0,0.7073;0.0000;0.0000,0;0;0,100.0
16750,DJI_0408_frame_016750,670.0,0:11:10,,1;0;0;0,0.6375;0.0000;0.0000,0;0;0,100.0
16875,DJI_0408_frame_016875,675.0,0:11:15,,1;0;0;0,0.6448;0.0000;0.0000,0;0;0,100.0
17000,DJI_0408_frame_017000,680.0,0:11:20,,1;0;0;0,0.7175;0.0000;0.0000,0;0;0,100.0
17125,DJI_0408_frame_017125,685.0,0:11:25,,1;0;0;0,0.7152;0.0000;0.0000,0;0;0,100.0
17250,DJI_0408_frame_017250,690.0,0:11:30,,1;0;0;0,0.7425;0.0000;0.0000,0;0;0,100.0
17375,DJI_0408_frame_017375,695.0,0:11:35,,1;0;0;0,0.7041;0.0000;0.0000,0;0;0,100.0
17500,DJI_0408_frame_017500,700.0,0:11:40,,0;0;0;1,0.7251;0.0000;0.0000,0;0;0,82.0
17625,DJI_0408_frame_017625,705.0,0:11:45,,1;0;0;0,0.7543;0.0000;0.0000,0;0;0,100.0
17750,DJI_0408_frame_017750,710.0,0:11:50,,0;0;0;1,0.7200;0.0000;0.0000,0;0;0,82.0
17875,DJI_0408_frame_017875,715.0,0:11:55,,0;0;0;1,0.7321;0.0000;0.0000,0;0;0,82.0
18000,DJI_0408_frame_018000,720.0,0:12:00,,0;0;0;1,0.7469;0.0028;0.0000,0;0;0,82.0
18125,DJI_0408_frame_018125,725.0,0:12:05,,1;0;0;0,0.8287;0.0000;0.0000,0;0;0,100.0
18250,DJI_0408_frame_018250,730.0,0:12:10,,1;0;0;0,0.8536;0.0000;0.0000,0;0;0,100.0
18375,DJI_0408_frame_018375,735.0,0:12:15,,1;0;0;0,0.7068;0.0000;0.0000,0;0;0,100.0
18500,DJI_0408_frame_018500,740.0,0:12:20,,1;0;0;0,0.8731;0.0000;0.0000,0;0;0,100.0
18625,DJI_0408_frame_018625,745.0,0:12:25,,1;0;0;0,0.8154;0.0000;0.0000,0;0;0,100.0
18750,DJI_0408_frame_018750,750.0,0:12:30,,1;0;0;0,0.8848;0.0000;0.0000,0;0;0,100.0
18875,DJI_0408_frame_018875,755.0,0:12:35,,1;0;0;0,0.8206;0.0000;0.0000,0;0;0,100.0
19000,DJI_0408_frame_019000,760.0,0:12:40,,1;0;0;0,0.6671;0.0000;0.0000,0;0;0,100.0
19125,DJI_0408_frame_019125,765.0,0:12:45,,1;0;0;0,0.5818;0.0000;0.0000,0;0;0,100.0
19250,DJI_0408_frame_019250,770.0,0:12:50,,1;0;0;0,0.5205;0.0000;0.0000,0;0;0,100.0
19375,DJI_0408_frame_019375,775.0,0:12:55,,1;0;0;0,0.4722;0.0000;0.0000,0;0;0,100.0
19500,DJI_0408_frame_019500,780.0,0:13:00,,1;0;0;0,0.4747;0.0000;0.0000,0;0;0,100.0
19625,DJI_0408_frame_019625,785.0,0:13:05,,1;0;0;0,0.4766;0.0000;0.0000,0;0;0,100.0
19750,DJI_0408_frame_019750,790.0,0:13:10,,0;0;0;1,0.5475;0.0000;0.0000,0;0;0,82.0
19875,DJI_0408_frame_019875,795.0,0:13:15,,1;0;0;0,0.5073;0.0000;0.0000,0;0;0,100.0
20000,DJI_0408_frame_020000,800.0,0:13:20,,0;0;0;1,0.5190;0.0000;0.0000,0;0;0,82.0
20125,DJI_0408_frame_020125,805.0,0:13:25,,1;0;0;0,0.5821;0.0000;0.0000,0;0;0,100.0
20250,DJI_0408_frame_020250,810.0,0:13:30,,1;0;0;0,0.6859;0.0000;0.0000,0;2;0,69.74
20375,DJI_0408_frame_020375,815.0,0:13:35,,1;0;0;0,0.7682;0.0000;0.0000,0;1;0,77.88
20500,DJI_0408_frame_020500,820.0,0:13:40,,1;0;0;0,0.7026;0.0000;0.0000,0;0;0,100.0
20625,DJI_0408_frame_020625,825.0,0:13:45,,1;0;0;0,0.7354;0.0000;0.0000,0;0;0,100.0
20750,DJI_0408_frame_020750,830.0,0:13:50,,1;0;0;0,0.7445;0.0000;0.0000,0;0;0,100.0
20875,DJI_0408_frame_020875,835.0,0:13:55,,1;0;0;0,0.7673;0.0000;0.0000,0;0;0,100.0
21000,DJI_0408_frame_021000,840.0,0:14:00,,1;0;0;0,0.6220;0.0000;0.0000,0;0;0,100.0
21125,DJI_0408_frame_021125,845.0,0:14:05,,1;0;0;0,0.5419;0.0000;0.0000,0;0;0,100.0
21250,DJI_0408_frame_021250,850.0,0:14:10,,1;0;0;0,0.6672;0.0000;0.0000,0;0;0,100.0
21375,DJI_0408_frame_021375,855.0,0:14:15,,1;0;0;0,0.4503;0.0000;0.0057,0;1;0,77.54
21500,DJI_0408_frame_021500,860.0,0:14:20,,0;1;0;0,0.3699;0.0000;0.0000,0;3;0,60.74
21625,DJI_0408_frame_021625,865.0,0:14:25,,0;1;0;0,0.3986;0.0000;0.0000,0;7;0,59.03
21750,DJI_0408_frame_021750,870.0,0:14:30,,0;1;0;0,0.4497;0.0000;0.0000,0;8;0,59.01
21875,DJI_0408_frame_021875,875.0,0:14:35,,1;0;0;0,0.5084;0.0000;0.0016,0;2;0,69.65
22000,DJI_0408_frame_022000,880.0,0:14:40,,0;1;0;0,0.1633;0.0000;0.1237,0;5;0,47.6
22125,DJI_0408_frame_022125,885.0,0:14:45,,0;1;0;0,0.1857;0.0000;0.2521,0;6;0,43.54
22250,DJI_0408_frame_022250,890.0,0:14:50,,0;1;0;0,0.1334;0.0000;0.2043,0;10;0,42.67
22375,DJI_0408_frame_022375,895.0,0:14:55,,0;1;0;0,0.0577;0.0000;0.1229,0;7;0,40.66
22500,DJI_0408_frame_022500,900.0,0:15:00,,0;1;0;0,0.1418;0.0000;0.0224,0;8;1,55.33
22625,DJI_0408_frame_022625,905.0,0:15:05,,0;1;0;0,0.2415;0.0000;0.0912,0;3;0,53.34
22750,DJI_0408_frame_022750,910.0,0:15:10,,1;0;0;0,0.1316;0.0000;0.2766,0;0;0,81.71
22875,DJI_0408_frame_022875,915.0,0:15:15,,1;0;0;0,0.5375;0.0000;0.0000,1;0;0,100.0
23000,DJI_0408_frame_023000,920.0,0:15:20,,0;0;1;0,0.4917;0.0000;0.0117,0;0;0,85.37
23125,DJI_0408_frame_023125,925.0,0:15:25,,0;0;0;1,0.5277;0.0000;0.0000,0;0;0,82.0
23250,DJI_0408_frame_023250,930.0,0:15:30,,1;0;0;0,0.7420;0.0000;0.0000,0;0;0,100.0
0,DJI_0409_frame_000000,931.08,0:15:31,,1;0;0;0,0.7262;0.0000;0.0000,0;0;0,100.0
125,DJI_0409_frame_000125,936.08,0:15:36,,1;0;0;0,0.7597;0.0000;0.0000,0;1;0,77.88
250,DJI_0409_frame_000250,941.08,0:15:41,,0;1;0;0,0.6889;0.0000;0.0000,0;2;0,63.74
375,DJI_0409_frame_000375,946.08,0:15:46,,1;0;0;0,0.5123;0.0000;0.0000,0;0;0,100.0
500,DJI_0409_frame_000500,951.08,0:15:51,,1;0;0;0,0.3997;0.0000;0.0000,0;0;0,100.0
625,DJI_0409_frame_000625,956.08,0:15:56,,1;0;0;0,0.5544;0.0650;0.0000,0;0;0,100.0
750,DJI_0409_frame_000750,961.08,0:16:01,,1;0;0;0,0.4944;0.0000;0.0000,0;0;0,100.0
875,DJI_0409_frame_000875,966.08,0:16:06,,1;0;0;0,0.4980;0.0000;0.0000,0;0;0,100.0
1000,DJI_0409_frame_001000,971.08,0:16:11,,1;0;0;0,0.7324;0.0000;0.0000,0;0;0,100.0
1125,DJI_0409_frame_001125,976.08,0:16:16,,1;0;0;0,0.6915;0.0005;0.0000,0;0;0,100.0
1250,DJI_0409_frame_001250,981.08,0:16:21,,1;0;0;0,0.7464;0.0000;0.0000,0;0;0,100.0
1375,DJI_0409_frame_001375,986.08,0:16:26,,0;1;0;0,0.7313;0.0000;0.0000,0;2;0,63.74
1500,DJI_0409_frame_001500,991.08,0:16:31,,1;0;0;0,0.4614;0.0000;0.0770,0;0;0,96.14
1625,DJI_0409_frame_001625,996.08,0:16:36,,1;0;0;0,0.7742;0.0000;0.0000,0;0;0,100.0
1750,DJI_0409_frame_001750,1001.08,0:16:41,,0;1;0;0,0.7515;0.0000;0.0000,0;0;0,94.0
1875,DJI_0409_frame_001875,1006.08,0:16:46,,1;0;0;0,0.7646;0.0000;0.0000,0;0;0,100.0
2000,DJI_0409_frame_002000,1011.08,0:16:51,,0;0;1;0,0.7052;0.0000;0.0000,0;0;0,86.0
2125,DJI_0409_frame_002125,1016.08,0:16:56,,1;0;0;0,0.8737;0.0000;0.0000,0;0;0,100.0
2250,DJI_0409_frame_002250,1021.08,0:17:01,,0;0;0;1,0.8013;0.0000;0.0000,0;0;0,82.0
2375,DJI_0409_frame_002375,1026.08,0:17:06,,1;0;0;0,0.7935;0.0000;0.0000,0;0;0,100.0
2500,DJI_0409_frame_002500,1031.08,0:17:11,,1;0;0;0,0.7908;0.0000;0.0000,0;0;0,100.0
2625,DJI_0409_frame_002625,1036.08,0:17:16,,0;0;0;1,0.5563;0.0000;0.0000,0;0;0,82.0
2750,DJI_0409_frame_002750,1041.08,0:17:21,,0;0;0;1,0.5887;0.0000;0.0000,0;0;0,82.0
2875,DJI_0409_frame_002875,1046.08,0:17:26,,0;0;0;1,0.3499;0.0000;0.0000,0;0;0,82.0
3000,DJI_0409_frame_003000,1051.08,0:17:31,,0;0;1;0,0.5785;0.0000;0.0000,0;0;0,86.0
3125,DJI_0409_frame_003125,1056.08,0:17:36,,1;0;0;0,0.6063;0.0000;0.0000,0;0;0,100.0
3250,DJI_0409_frame_003250,1061.08,0:17:41,,0;0;1;0,0.4885;0.0000;0.0000,0;0;0,86.0
3375,DJI_0409_frame_003375,1066.08,0:17:46,,0;0;1;0,0.6313;0.0000;0.0000,0;0;0,86.0
3500,DJI_0409_frame_003500,1071.08,0:17:51,,1;0;0;0,0.5445;0.0000;0.0000,6;0;0,100.0
3625,DJI_0409_frame_003625,1076.08,0:17:56,,0;0;1;0,0.5629;0.0000;0.0000,0;0;0,86.0
3750,DJI_0409_frame_003750,1081.08,0:18:01,,0;0;0;1,0.6057;0.0000;0.0000,0;1;0,59.88
3875,DJI_0409_frame_003875,1086.08,0:18:06,,0;1;0;0,0.6750;0.0000;0.0000,0;3;0,60.74
4000,DJI_0409_frame_004000,1091.08,0:18:11,,0;0;1;0,0.6691;0.0000;0.0000,0;0;0,86.0
4125,DJI_0409_frame_004125,1096.08,0:18:16,,0;0;0;1,0.5687;0.0000;0.0000,0;0;0,82.0
4250,DJI_0409_frame_004250,1101.08,0:18:21,,0;0;1;0,0.6115;0.0000;0.0000,0;0;0,86.0
4375,DJI_0409_frame_004375,1106.08,0:18:26,,0;0;1;0,0.4891;0.0000;0.0001,0;0;0,86.0
4500,DJI_0409_frame_004500,1111.08,0:18:31,,0;0;1;0,0.5857;0.0000;0.0000,0;0;0,86.0
4625,DJI_0409_frame_004625,1116.08,0:18:36,,0;0;0;1,0.6172;0.0000;0.0000,0;0;0,82.0
4750,DJI_0409_frame_004750,1121.08,0:18:41,,0;0;1;0,0.6342;0.0000;0.0000,0;0;0,86.0
4875,DJI_0409_frame_004875,1126.08,0:18:46,,0;0;1;0,0.5679;0.0000;0.0000,0;0;0,86.0
5000,DJI_0409_frame_005000,1131.08,0:18:51,,0;0;1;0,0.5280;0.0000;0.0000,0;0;0,86.0
5125,DJI_0409_frame_005125,1136.08,0:18:56,,0;1;0;0,0.6099;0.0000;0.0000,0;0;0,94.0
5250,DJI_0409_frame_005250,1141.08,0:19:01,,0;0;1;0,0.5848;0.0000;0.0000,0;0;0,86.0
5375,DJI_0409_frame_005375,1146.08,0:19:06,,0;0;1;0,0.5918;0.0000;0.0000,0;1;0,63.88
5500,DJI_0409_frame_005500,1151.08,0:19:11,,0;0;1;0,0.5799;0.0000;0.0071,0;0;0,85.67
5625,DJI_0409_frame_005625,1156.08,0:19:16,,1;0;0;0,0.6663;0.0000;0.0162,0;0;0,99.36
5750,DJI_0409_frame_005750,1161.08,0:19:21,,0;1;0;0,0.5986;0.0000;0.0162,0;0;0,93.29
5875,DJI_0409_frame_005875,1166.08,0:19:26,,0;1;0;0,0.6448;0.0000;0.0014,0;0;0,93.94
6000,DJI_0409_frame_006000,1171.08,0:19:31,,0;1;0;0,0.6324;0.0000;0.0156,0;0;0,93.35
6125,DJI_0409_frame_006125,1176.08,0:19:36,,0;1;0;0,0.3919;0.0000;0.0585,0;0;0,90.49
6250,DJI_0409_frame_006250,1181.08,0:19:41,,0;1;0;0,0.4000;0.0000;0.0878,0;0;0,89.14
6375,DJI_0409_frame_006375,1186.08,0:19:46,,1;0;0;0,0.5415;0.0000;0.1300,0;0;0,94.77
6500,DJI_0409_frame_006500,1191.08,0:19:51,,1;0;0;0,0.6147;0.0000;0.0114,0;3;0,66.25
6625,DJI_0409_frame_006625,1196.08,0:19:56,,1;0;0;0,0.4548;0.0000;0.1956,0;2;0,61.62
6750,DJI_0409_frame_006750,1201.08,0:20:01,,0;1;0;0,0.4370;0.0000;0.0621,0;1;0,68.52
6875,DJI_0409_frame_006875,1206.08,0:20:06,,1;0;0;0,0.3709;0.0000;0.1266,0;4;0,58.77
7000,DJI_0409_frame_007000,1211.08,0:20:11,,0;1;0;0,0.2107;0.0000;0.1506,0;2;0,52.48
7125,DJI_0409_frame_007125,1216.08,0:20:16,,0;1;0;0,0.4712;0.0000;0.0076,0;2;0,63.31
7250,DJI_0409_frame_007250,1221.08,0:20:21,,0;1;0;0,0.4534;0.0000;0.0771,0;3;0,56.82
7375,DJI_0409_frame_007375,1226.08,0:20:26,,1;0;0;0,0.3482;0.0000;0.0621,0;0;0,95.91
7500,DJI_0409_frame_007500,1231.08,0:20:31,,1;0;0;0,0.5037;0.0000;0.0908,0;4;0,61.52
7625,DJI_0409_frame_007625,1236.08,0:20:36,,1;0;0;0,0.2476;0.0000;0.1688,0;6;0,54.14
7750,DJI_0409_frame_007750,1241.08,0:20:41,,0;1;0;0,0.0833;0.0000;0.3660,0;2;0,41.74
7875,DJI_0409_frame_007875,1246.08,0:20:46,,0;1;0;0,0.2772;0.0000;0.2757,0;1;0,58.41
8000,DJI_0409_frame_008000,1251.08,0:20:51,,1;0;0;0,0.0547;0.0000;0.4545,0;2;0,45.64
8125,DJI_0409_frame_008125,1256.08,0:20:56,,0;1;0;0,0.0273;0.0000;0.4268,0;4;0,34.26
8250,DJI_0409_frame_008250,1261.08,0:21:01,,0;1;0;0,0.0811;0.0000;0.3683,0;3;0,38.62
8375,DJI_0409_frame_008375,1266.08,0:21:06,,0;1;0;0,0.0212;0.0000;0.5141,0;1;0,45.94
8500,DJI_0409_frame_008500,1271.08,0:21:11,,1;0;0;0,0.0647;0.0000;0.4454,0;0;0,76.42
8625,DJI_0409_frame_008625,1276.08,0:21:16,,0;1;0;0,0.0449;0.0000;0.4875,0;0;0,69.28
8750,DJI_0409_frame_008750,1281.08,0:21:21,,0;1;0;0,0.3549;0.0000;0.0651,0;3;0,56.56
8875,DJI_0409_frame_008875,1286.08,0:21:26,,0;1;0;0,0.3365;0.0000;0.0338,0;4;0,57.18
9000,DJI_0409_frame_009000,1291.08,0:21:31,,0;1;0;0,0.0856;0.0000;0.3490,0;2;0,42.06
9125,DJI_0409_frame_009125,1296.08,0:21:36,,1;0;0;0,0.2548;0.0000;0.0012,0;0;0,99.88
9250,DJI_0409_frame_009250,1301.08,0:21:41,,0;0;0;1,0.7485;0.0000;0.0000,0;0;0,82.0
9375,DJI_0409_frame_009375,1306.08,0:21:46,,1;0;0;0,0.7413;0.0000;0.0000,0;0;0,100.0
9500,DJI_0409_frame_009500,1311.08,0:21:51,,1;0;0;0,0.8199;0.0000;0.0000,0;0;0,100.0
9625,DJI_0409_frame_009625,1316.08,0:21:56,,1;0;0;0,0.8338;0.0000;0.0000,0;0;0,100.0
9750,DJI_0409_frame_009750,1321.08,0:22:01,,0;0;0;1,0.7583;0.0000;0.0000,0;0;0,82.0
9875,DJI_0409_frame_009875,1326.08,0:22:06,,0;0;0;1,0.7696;0.0000;0.0000,0;0;0,82.0
10000,DJI_0409_frame_010000,1331.08,0:22:11,,0;0;0;1,0.8389;0.0000;0.0000,0;0;0,82.0
10125,DJI_0409_frame_010125,1336.08,0:22:16,,1;0;0;0,0.8315;0.0000;0.0000,0;1;0,77.88
10250,DJI_0409_frame_010250,1341.08,0:22:21,,0;1;0;0,0.7852;0.0000;0.0018,0;1;0,71.81
10375,DJI_0409_frame_010375,1346.08,0:22:26,,0;0;0;1,0.7699;0.0195;0.0000,0;0;0,82.0
10500,DJI_0409_frame_010500,1351.08,0:22:31,,0;0;1;0,0.4156;0.0000;0.2585,0;0;0,75.64
10625,DJI_0409_frame_010625,1356.08,0:22:36,,0;0;1;0,0.6959;0.0000;0.0000,0;0;0,86.0
10750,DJI_0409_frame_010750,1361.08,0:22:41,,0;0;1;0,0.6759;0.0000;0.0000,0;0;0,86.0
10875,DJI_0409_frame_010875,1366.08,0:22:46,,0;0;1;0,0.6692;0.0000;0.0000,0;0;0,86.0
11000,DJI_0409_frame_011000,1371.08,0:22:51,,0;0;0;1,0.6409;0.0000;0.0000,0;0;0,82.0
11125,DJI_0409_frame_011125,1376.08,0:22:56,,0;0;0;1,0.7976;0.0000;0.0000,0;0;0,82.0
11250,DJI_0409_frame_011250,1381.08,0:23:01,,0;0;1;0,0.7943;0.0000;0.0000,0;0;0,86.0
11375,DJI_0409_frame_011375,1386.08,0:23:06,,0;0;0;1,0.7366;0.1323;0.0000,0;0;0,82.0
11500,DJI_0409_frame_011500,1391.08,0:23:11,,0;0;1;0,0.7560;0.0000;0.0000,0;0;0,86.0
11625,DJI_0409_frame_011625,1396.08,0:23:16,,0;0;0;1,0.7803;0.0000;0.0000,0;0;0,82.0
11750,DJI_0409_frame_011750,1401.08,0:23:21,,0;0;0;1,0.7603;0.0000;0.0000,0;0;0,82.0
11875,DJI_0409_frame_011875,1406.08,0:23:26,,0;0;1;0,0.6353;0.0000;0.0000,0;0;0,86.0
12000,DJI_0409_frame_012000,1411.08,0:23:31,,0;0;1;0,0.4462;0.0008;0.0000,0;0;0,86.0
12125,DJI_0409_frame_012125,1416.08,0:23:36,,0;0;1;0,0.5608;0.0000;0.0000,0;0;0,86.0
12250,DJI_0409_frame_012250,1421.08,0:23:41,,0;0;1;0,0.5859;0.0020;0.0000,0;0;0,86.0
12375,DJI_0409_frame_012375,1426.08,0:23:46,,0;0;0;1,0.6503;0.0000;0.0000,0;0;0,82.0
12500,DJI_0409_frame_012500,1431.08,0:23:51,,0;0;0;1,0.4080;0.0294;0.0000,0;0;0,82.0
12625,DJI_0409_frame_012625,1436.08,0:23:56,,0;0;0;1,0.7891;0.0012;0.0000,0;0;0,82.0
12750,DJI_0409_frame_012750,1441.08,0:24:01,,0;0;0;1,0.6657;0.2210;0.0000,0;0;0,82.0
12875,DJI_0409_frame_012875,1446.08,0:24:06,,0;0;0;1,0.6933;0.0000;0.0000,0;0;0,82.0
13000,DJI_0409_frame_013000,1451.08,0:24:11,,0;0;0;1,0.6850;0.0000;0.0000,0;0;0,82.0
13125,DJI_0409_frame_013125,1456.08,0:24:16,,0;0;0;1,0.7689;0.0000;0.0000,0;0;0,82.0
13250,DJI_0409_frame_013250,1461.08,0:24:21,,0;0;0;1,0.7307;0.0000;0.0000,0;0;0,82.0
13375,DJI_0409_frame_013375,1466.08,0:24:26,,0;0;0;1,0.7198;0.0000;0.0000,0;0;0,82.0
13500,DJI_0409_frame_013500,1471.08,0:24:31,,0;1;0;0,0.5939;0.0000;0.0000,0;0;0,94.0
13625,DJI_0409_frame_013625,1476.08,0:24:36,,1;0;0;0,0.6133;0.0000;0.0000,0;0;0,100.0
13750,DJI_0409_frame_013750,1481.08,0:24:41,,1;0;0;0,0.5656;0.0000;0.0083,0;0;0,99.61
13875,DJI_0409_frame_013875,1486.08,0:24:46,,1;0;0;0,0.6241;0.0000;0.0045,0;0;0,99.81
14000,DJI_0409_frame_014000,1491.08,0:24:51,,1;0;0;0,0.5364;0.0000;0.0071,0;0;0,99.65
14125,DJI_0409_frame_014125,1496.08,0:24:56,,1;0;0;0,0.4578;0.0000;0.0078,0;0;0,99.55
14250,DJI_0409_frame_014250,1501.08,0:25:01,,1;0;0;0,0.4119;0.0000;0.0233,0;0;0,98.56
14375,DJI_0409_frame_014375,1506.08,0:25:06,,1;0;0;0,0.3794;0.0000;0.0000,0;0;0,100.0
14500,DJI_0409_frame_014500,1511.08,0:25:11,,1;0;0;0,0.2787;0.0000;0.1022,0;0;0,92.75
14625,DJI_0409_frame_014625,1516.08,0:25:16,,1;0;0;0,0.3913;0.0000;0.0246,0;0;0,98.4
14750,DJI_0409_frame_014750,1521.08,0:25:21,,1;0;0;0,0.3804;0.0000;0.0000,0;0;0,100.0
14875,DJI_0409_frame_014875,1526.08,0:25:26,,1;0;0;0,0.4590;0.0000;0.0000,0;0;0,100.0
15000,DJI_0409_frame_015000,1531.08,0:25:31,,0;1;0;0,0.2236;0.0000;0.0000,0;0;0,94.0
15125,DJI_0409_frame_015125,1536.08,0:25:36,,1;0;0;0,0.2068;0.0000;0.0000,0;0;0,100.0
15250,DJI_0409_frame_015250,1541.08,0:25:41,,0;1;0;0,0.2820;0.0000;0.0000,0;0;0,94.0
15375,DJI_0409_frame_015375,1546.08,0:25:46,,0;1;0;0,0.2680;0.0000;0.0089,0;2;0,62.87
15500,DJI_0409_frame_015500,1551.08,0:25:51,,1;0;0;0,0.3104;0.0000;0.0223,0;0;0,98.19
15625,DJI_0409_frame_015625,1556.08,0:25:56,,0;1;0;0,0.3822;0.0000;0.0341,0;0;0,91.79
15750,DJI_0409_frame_015750,1561.08,0:26:01,,0;1;0;0,0.4400;0.0000;0.0000,0;2;0,63.74
15875,DJI_0409_frame_015875,1566.08,0:26:06,,0;1;0;0,0.4418;0.0000;0.0000,0;0;0,94.0
16000,DJI_0409_frame_016000,1571.08,0:26:11,,0;1;0;0,0.4573;0.0000;0.0000,0;0;0,94.0
16125,DJI_0409_frame_016125,1576.08,0:26:16,,0;1;0;0,0.4490;0.0000;0.0060,0;0;0,93.64
16250,DJI_0409_frame_016250,1581.08,0:26:21,,0;1;0;0,0.3592;0.0000;0.0220,0;1;0,70.32
16375,DJI_0409_frame_016375,1586.08,0:26:26,,0;1;0;0,0.4146;0.0000;0.0285,0;3;0,59.01
16500,DJI_0409_frame_016500,1591.08,0:26:31,,0;1;0;0,0.3469;0.0000;0.0049,0;2;0,63.36
16625,DJI_0409_frame_016625,1596.08,0:26:36,,0;1;0;0,0.2015;0.0000;0.0494,0;1;0,66.56
16750,DJI_0409_frame_016750,1601.08,0:26:41,,0;1;0;0,0.4458;0.0000;0.0000,0;0;0,94.0
16875,DJI_0409_frame_016875,1606.08,0:26:46,,0;1;0;0,0.3240;0.0000;0.0060,0;0;0,93.51
17000,DJI_0409_frame_017000,1611.08,0:26:51,,0;1;0;0,0.5497;0.0000;0.0000,0;0;0,94.0
17125,DJI_0409_frame_017125,1616.08,0:26:56,,0;0;1;0,0.4849;0.0000;0.0000,0;0;0,86.0
17250,DJI_0409_frame_017250,1621.08,0:27:01,,0;1;0;0,0.4708;0.0000;0.0000,0;0;0,94.0
17375,DJI_0409_frame_017375,1626.08,0:27:06,,1;0;0;0,0.4648;0.0000;0.0000,0;0;0,100.0
17500,DJI_0409_frame_017500,1631.08,0:27:11,,0;1;0;0,0.5543;0.0000;0.0000,0;0;0,94.0
17625,DJI_0409_frame_017625,1636.08,0:27:16,,0;1;0;0,0.3758;0.0000;0.0000,0;0;0,94.0
17750,DJI_0409_frame_017750,1641.08,0:27:21,,0;0;1;0,0.4876;0.0000;0.0000,0;0;0,86.0
17875,DJI_0409_frame_017875,1646.08,0:27:26,,1;0;0;0,0.7228;0.0000;0.0000,0;0;0,100.0
18000,DJI_0409_frame_018000,1651.08,0:27:31,,1;0;0;0,0.6307;0.0000;0.0000,0;0;0,100.0
18125,DJI_0409_frame_018125,1656.08,0:27:36,,1;0;0;0,0.6513;0.0000;0.0000,0;0;0,100.0
18250,DJI_0409_frame_018250,1661.08,0:27:41,,1;0;0;0,0.7300;0.0000;0.0000,0;0;0,100.0
18375,DJI_0409_frame_018375,1666.08,0:27:46,,1;0;0;0,0.7550;0.0000;0.0000,0;0;0,100.0
18500,DJI_0409_frame_018500,1671.08,0:27:51,,0;0;1;0,0.6169;0.0000;0.0000,0;0;0,86.0
18625,DJI_0409_frame_018625,1676.08,0:27:56,,0;0;1;0,0.6028;0.0000;0.0000,1;0;0,86.0
18750,DJI_0409_frame_018750,1681.08,0:28:01,,1;0;0;0,0.4954;0.0000;0.0000,0;1;0,77.88
18875,DJI_0409_frame_018875,1686.08,0:28:06,,1;0;0;0,0.5969;0.0000;0.0000,0;0;0,100.0
19000,DJI_0409_frame_019000,1691.08,0:28:11,,1;0;0;0,0.4990;0.0000;0.0000,0;1;0,77.88
19125,DJI_0409_frame_019125,1696.08,0:28:16,,1;0;0;0,0.5558;0.0000;0.0000,1;1;0,80.73
19250,DJI_0409_frame_019250,1701.08,0:28:21,,0;0;1;0,0.4443;0.0000;0.0000,0;0;0,86.0
19375,DJI_0409_frame_019375,1706.08,0:28:26,,1;0;0;0,0.5349;0.0000;0.0000,0;0;0,100.0
19500,DJI_0409_frame_019500,1711.08,0:28:31,,1;0;0;0,0.5108;0.0000;0.0000,0;0;0,100.0
19625,DJI_0409_frame_019625,1716.08,0:28:36,,1;0;0;0,0.4603;0.0000;0.0000,0;0;0,100.0
19750,DJI_0409_frame_019750,1721.08,0:28:41,,1;0;0;0,0.3640;0.0000;0.0000,0;0;0,100.0
19875,DJI_0409_frame_019875,1726.08,0:28:46,,1;0;0;0,0.5983;0.0000;0.0000,0;0;0,100.0
20000,DJI_0409_frame_020000,1731.08,0:28:51,,1;0;0;0,0.6492;0.0000;0.0000,0;0;0,100.0
20125,DJI_0409_frame_020125,1736.08,0:28:56,,1;0;0;0,0.3429;0.0000;0.0000,0;0;0,100.0
20250,DJI_0409_frame_020250,1741.08,0:29:01,,1;0;0;0,0.5743;0.0000;0.0019,0;0;0,99.91
20375,DJI_0409_frame_020375,1746.08,0:29:06,,1;0;0;0,0.5231;0.0000;0.0000,0;0;0,100.0
20500,DJI_0409_frame_020500,1751.08,0:29:11,,1;0;0;0,0.5178;0.0000;0.0000,0;0;0,100.0
20625,DJI_0409_frame_020625,1756.08,0:29:16,,0;1;0;0,0.3273;0.0000;0.0000,0;0;0,94.0
20750,DJI_0409_frame_020750,1761.08,0:29:21,,0;1;0;0,0.5142;0.0000;0.0000,0;0;0,94.0
20875,DJI_0409_frame_020875,1766.08,0:29:26,,0;1;0;0,0.5275;0.0000;0.0009,0;0;0,93.96
21000,DJI_0409_frame_021000,1771.08,0:29:31,,1;0;0;0,0.4294;0.0000;0.0000,0;0;0,100.0
21125,DJI_0409_frame_021125,1776.08,0:29:36,,0;1;0;0,0.5151;0.0000;0.0000,0;0;0,94.0
21250,DJI_0409_frame_021250,1781.08,0:29:41,,1;0;0;0,0.7227;0.0000;0.0000,0;0;0,100.0
21375,DJI_0409_frame_021375,1786.08,0:29:46,,0;1;0;0,0.7613;0.0000;0.0000,0;0;0,94.0
21500,DJI_0409_frame_021500,1791.08,0:29:51,,0;1;0;0,0.7754;0.0000;0.0000,0;0;0,94.0
21625,DJI_0409_frame_021625,1796.08,0:29:56,,0;1;0;0,0.7773;0.0000;0.0000,0;0;0,94.0
21750,DJI_0409_frame_021750,1801.08,0:30:01,,0;1;0;0,0.7776;0.0000;0.0000,0;0;0,94.0
21875,DJI_0409_frame_021875,1806.08,0:30:06,,0;1;0;0,0.6833;0.0000;0.0000,0;0;0,94.0
22000,DJI_0409_frame_022000,1811.08,0:30:11,,0;1;0;0,0.6658;0.0000;0.0016,0;0;0,93.93
22125,DJI_0409_frame_022125,1816.08,0:30:16,,1;0;0;0,0.2127;0.0000;0.0098,0;0;1,89.74
22250,DJI_0409_frame_022250,1821.08,0:30:21,,1;0;0;0,0.3273;0.0000;0.0134,0;2;0,68.67
22375,DJI_0409_frame_022375,1826.08,0:30:26,,1;0;0;0,0.3218;0.0000;0.0000,0;0;0,100.0
22500,DJI_0409_frame_022500,1831.08,0:30:31,,1;0;0;0,0.4144;0.0000;0.0201,0;2;0,68.49
22625,DJI_0409_frame_022625,1836.08,0:30:36,,1;0;0;0,0.4753;0.0000;0.0081,0;0;0,99.55
22750,DJI_0409_frame_022750,1841.08,0:30:41,,0;1;0;0,0.5992;0.0000;0.0000,0;0;0,94.0
22875,DJI_0409_frame_022875,1846.08,0:30:46,,0;1;0;0,0.5589;0.0000;0.0000,0;0;0,94.0
23000,DJI_0409_frame_023000,1851.08,0:30:51,,0;1;0;0,0.4644;0.0000;0.0000,0;0;0,94.0
23125,DJI_0409_frame_023125,1856.08,0:30:56,,1;0;0;0,0.3999;0.0000;0.0002,0;0;0,99.98
23250,DJI_0409_frame_023250,1861.08,0:31:01,,1;0;0;0,0.2934;0.0000;0.0061,0;0;0,99.45
0,DJI_0410_frame_000000,1864.16,0:31:04,,1;0;0;0,0.2064;0.0000;0.0065,0;0;0,99.17
125,DJI_0410_frame_000125,1869.16,0:31:09,,1;0;0;0,0.2365;0.0000;0.0059,0;0;0,99.35
250,DJI_0410_frame_000250,1874.16,0:31:14,,1;0;0;0,0.4133;0.0000;0.0053,0;0;0,99.66
375,DJI_0410_frame_000375,1879.16,0:31:19,,0;1;0;0,0.5332;0.0000;0.0146,0;0;0,93.28
500,DJI_0410_frame_000500,1884.16,0:31:24,,1;0;0;0,0.4858;0.0000;0.0105,0;0;1,90.36
625,DJI_0410_frame_000625,1889.16,0:31:29,,1;0;0;0,0.4133;0.0000;0.0262,0;0;0,98.39
750,DJI_0410_frame_000750,1894.16,0:31:34,,1;0;0;0,0.5256;0.0000;0.0044,0;0;0,99.78
875,DJI_0410_frame_000875,1899.16,0:31:39,,1;0;0;0,0.4416;0.0000;0.0151,0;0;0,99.11
1000,DJI_0410_frame_001000,1904.16,0:31:44,,1;0;0;0,0.2734;0.0000;0.0496,0;0;1,86.79
1125,DJI_0410_frame_001125,1909.16,0:31:49,,1;0;0;0,0.4214;0.0000;0.0010,0;0;0,99.93
1250,DJI_0410_frame_001250,1914.16,0:31:54,,1;0;0;0,0.7299;0.0000;0.0000,0;0;0,100.0
1375,DJI_0410_frame_001375,1919.16,0:31:59,,1;0;0;0,0.7356;0.0000;0.0000,0;0;0,100.0
1500,DJI_0410_frame_001500,1924.16,0:32:04,,1;0;0;0,0.6872;0.0000;0.0000,0;0;0,100.0
1625,DJI_0410_frame_001625,1929.16,0:32:09,,0;1;0;0,0.6467;0.0000;0.0000,0;0;0,94.0
1750,DJI_0410_frame_001750,1934.16,0:32:14,,1;0;0;0,0.3583;0.0000;0.0065,0;4;1,64.99
1875,DJI_0410_frame_001875,1939.16,0:32:19,,1;0;0;0,0.6295;0.0000;0.0361,0;0;0,98.53
2000,DJI_0410_frame_002000,1944.16,0:32:24,,1;0;0;0,0.6275;0.0000;0.0056,0;2;0,69.5
2125,DJI_0410_frame_002125,1949.16,0:32:29,,1;0;0;0,0.5395;0.0000;0.0000,0;1;0,77.88
2250,DJI_0410_frame_002250,1954.16,0:32:34,,1;0;0;0,0.6461;0.0000;0.0000,0;3;0,66.74
2375,DJI_0410_frame_002375,1959.16,0:32:39,,1;0;0;0,0.5742;0.0000;0.0002,0;0;0,99.99
2500,DJI_0410_frame_002500,1964.16,0:32:44,,1;0;0;0,0.5157;0.0000;0.0064,0;0;0,99.67
2625,DJI_0410_frame_002625,1969.16,0:32:49,,0;1;0;0,0.5690;0.0000;0.0000,0;0;0,94.0
2750,DJI_0410_frame_002750,1974.16,0:32:54,,0;1;0;0,0.6639;0.0000;0.0000,0;0;1,84.93
2875,DJI_0410_frame_002875,1979.16,0:32:59,,1;0;0;0,0.5004;0.0000;0.0775,0;0;0,96.38
3000,DJI_0410_frame_003000,1984.16,0:33:04,,1;0;0;0,0.5380;0.0000;0.0349,0;2;0,68.09
3125,DJI_0410_frame_003125,1989.16,0:33:09,,1;0;0;0,0.0832;0.0000;0.2733,0;1;0,57.18
3250,DJI_0410_frame_003250,1994.16,0:33:14,,1;0;0;0,0.3287;0.0000;0.2600,0;0;0,88.08
3375,DJI_0410_frame_003375,1999.16,0:33:19,,1;0;0;0,0.4759;0.0000;0.1878,0;0;0,92.36
3500,DJI_0410_frame_003500,2004.16,0:33:24,,1;0;0;0,0.5779;0.0000;0.1176,0;0;0,95.43
3625,DJI_0410_frame_003625,2009.16,0:33:29,,1;0;0;0,0.5796;0.0000;0.0026,0;0;0,99.88
3750,DJI_0410_frame_003750,2014.16,0:33:34,,1;0;0;0,0.4642;0.0000;0.1135,1;0;0,94.69
3875,DJI_0410_frame_003875,2019.16,0:33:39,,1;0;0;0,0.5503;0.0000;0.2653,0;0;0,91.22
4000,DJI_0410_frame_004000,2024.16,0:33:44,,1;0;0;0,0.5533;0.0000;0.3052,0;0;0,90.4
4125,DJI_0410_frame_004125,2029.16,0:33:49,,1;0;0;0,0.6272;0.0000;0.0522,0;0;0,97.92
4250,DJI_0410_frame_004250,2034.16,0:33:54,,1;0;0;0,0.6380;0.0000;0.0403,0;0;0,98.4
4375,DJI_0410_frame_004375,2039.16,0:33:59,,1;0;0;0,0.5655;0.0000;0.0341,0;0;0,98.46
4500,DJI_0410_frame_004500,2044.16,0:34:04,,1;0;0;0,0.5850;0.0000;0.0397,0;1;0,76.16
4625,DJI_0410_frame_004625,2049.16,0:34:09,,1;0;0;0,0.5477;0.0000;0.0601,0;0;0,97.33
4750,DJI_0410_frame_004750,2054.16,0:34:14,,1;0;0;0,0.5363;0.0000;0.0738,0;0;0,96.73
4875,DJI_0410_frame_004875,2059.16,0:34:19,,1;0;0;0,0.5604;0.0000;0.1382,0;0;0,94.66
5000,DJI_0410_frame_005000,2064.16,0:34:24,,0;0;0;1,0.5991;0.0508;0.0000,0;0;0,82.0
5125,DJI_0410_frame_005125,2069.16,0:34:29,,1;0;0;0,0.4122;0.0000;0.0754,0;0;0,95.82
5250,DJI_0410_frame_005250,2074.16,0:34:34,,1;0;0;0,0.3887;0.0000;0.1268,0;0;0,93.36
5375,DJI_0410_frame_005375,2079.16,0:34:39,,1;0;0;0,0.3270;0.0000;0.0025,0;3;0,66.54
5500,DJI_0410_frame_005500,2084.16,0:34:44,,1;0;0;0,0.5945;0.0000;0.0131,0;0;0,99.42
5625,DJI_0410_frame_005625,2089.16,0:34:49,,1;0;0;0,0.5520;0.0000;0.0117,0;0;0,99.44
5750,DJI_0410_frame_005750,2094.16,0:34:54,,1;0;0;0,0.4008;0.0000;0.0000,0;0;0,100.0
5875,DJI_0410_frame_005875,2099.16,0:34:59,,1;0;0;0,0.3995;0.0000;0.0000,0;0;0,100.0
6000,DJI_0410_frame_006000,2104.16,0:35:04,,1;0;0;0,0.5505;0.0000;0.0000,0;0;0,100.0
6125,DJI_0410_frame_006125,2109.16,0:35:09,,1;0;0;0,0.5994;0.0000;0.0000,0;0;0,100.0
6250,DJI_0410_frame_006250,2114.16,0:35:14,,1;0;0;0,0.4836;0.0000;0.0000,0;0;0,100.0
6375,DJI_0410_frame_006375,2119.16,0:35:19,,1;0;0;0,0.4990;0.0000;0.0000,0;0;0,100.0
6500,DJI_0410_frame_006500,2124.16,0:35:24,,1;0;0;0,0.5135;0.0000;0.0000,0;0;0,100.0
6625,DJI_0410_frame_006625,2129.16,0:35:29,,1;0;0;0,0.6265;0.0000;0.0070,0;0;0,99.7
6750,DJI_0410_frame_006750,2134.16,0:35:34,,1;0;0;0,0.6429;0.0000;0.0010,0;0;0,99.96
6875,DJI_0410_frame_006875,2139.16,0:35:39,,1;0;0;0,0.5994;0.0000;0.0000,0;0;0,100.0
7000,DJI_0410_frame_007000,2144.16,0:35:44,,1;0;0;0,0.7529;0.0000;0.0000,0;0;0,100.0
7125,DJI_0410_frame_007125,2149.16,0:35:49,,1;0;0;0,0.7415;0.0000;0.0000,0;0;0,100.0
7250,DJI_0410_frame_007250,2154.16,0:35:54,,1;0;0;0,0.7269;0.0000;0.0000,0;0;0,100.0
7375,DJI_0410_frame_007375,2159.16,0:35:59,,1;0;0;0,0.6966;0.0000;0.0000,0;0;0,100.0
7500,DJI_0410_frame_007500,2164.16,0:36:04,,0;1;0;0,0.4283;0.0000;0.0000,0;0;0,94.0
7625,DJI_0410_frame_007625,2169.16,0:36:09,,1;0;0;0,0.7150;0.0000;0.0000,0;0;0,100.0
7750,DJI_0410_frame_007750,2174.16,0:36:14,,1;0;0;0,0.6166;0.0000;0.0000,0;0;0,100.0
7875,DJI_0410_frame_007875,2179.16,0:36:19,,1;0;0;0,0.4756;0.0000;0.0000,0;0;0,100.0
8000,DJI_0410_frame_008000,2184.16,0:36:24,,1;0;0;0,0.6733;0.0000;0.0000,0;0;0,100.0
8125,DJI_0410_frame_008125,2189.16,0:36:29,,1;0;0;0,0.7228;0.0000;0.0000,0;0;0,100.0
8250,DJI_0410_frame_008250,2194.16,0:36:34,,1;0;0;0,0.5335;0.0000;0.0001,0;0;0,100.0
8375,DJI_0410_frame_008375,2199.16,0:36:39,,1;0;0;0,0.3871;0.0000;0.0000,0;0;0,100.0
8500,DJI_0410_frame_008500,2204.16,0:36:44,,1;0;0;0,0.5209;0.0000;0.0000,0;0;0,100.0
8625,DJI_0410_frame_008625,2209.16,0:36:49,,0;1;0;0,0.5525;0.0000;0.0000,0;1;0,71.88
8750,DJI_0410_frame_008750,2214.16,0:36:54,,1;0;0;0,0.4190;0.0000;0.0000,0;0;0,100.0
8875,DJI_0410_frame_008875,2219.16,0:36:59,,1;0;0;0,0.4424;0.0000;0.0000,0;0;0,100.0
9000,DJI_0410_frame_009000,2224.16,0:37:04,,1;0;0;0,0.5615;0.0000;0.0000,0;0;0,100.0
9125,DJI_0410_frame_009125,2229.16,0:37:09,,1;0;0;0,0.6171;0.0000;0.0000,0;0;0,100.0
9250,DJI_0410_frame_009250,2234.16,0:37:14,,1;0;0;0,0.5582;0.0000;0.0000,0;0;0,100.0
9375,DJI_0410_frame_009375,2239.16,0:37:19,,1;0;0;0,0.5246;0.0000;0.0000,0;0;0,100.0
9500,DJI_0410_frame_009500,2244.16,0:37:24,,1;0;0;0,0.5154;0.0000;0.0000,0;0;0,100.0
9625,DJI_0410_frame_009625,2249.16,0:37:29,,1;0;0;0,0.5163;0.0000;0.0020,0;1;0,77.77
9750,DJI_0410_frame_009750,2254.16,0:37:34,,1;0;0;0,0.5627;0.0000;0.0000,0;0;0,100.0
9875,DJI_0410_frame_009875,2259.16,0:37:39,,0;1;0;0,0.6193;0.0000;0.0000,0;0;0,94.0
10000,DJI_0410_frame_010000,2264.16,0:37:44,,0;1;0;0,0.6310;0.0000;0.0000,0;0;0,94.0
10125,DJI_0410_frame_010125,2269.16,0:37:49,,1;0;0;0,0.6589;0.0000;0.0000,0;0;0,100.0
10250,DJI_0410_frame_010250,2274.16,0:37:54,,1;0;0;0,0.5758;0.0000;0.0000,0;0;0,100.0
10375,DJI_0410_frame_010375,2279.16,0:37:59,,1;0;0;0,0.6727;0.0000;0.0000,0;0;0,100.0
10500,DJI_0410_frame_010500,2284.16,0:38:04,,1;0;0;0,0.4968;0.0000;0.0000,0;0;0,100.0
10625,DJI_0410_frame_010625,2289.16,0:38:09,,1;0;0;0,0.6112;0.0000;0.0000,0;0;0,100.0
10750,DJI_0410_frame_010750,2294.16,0:38:14,,1;0;0;0,0.6625;0.0000;0.0000,0;0;0,100.0
10875,DJI_0410_frame_010875,2299.16,0:38:19,,1;0;0;0,0.7146;0.0000;0.0000,0;0;0,100.0
11000,DJI_0410_frame_011000,2304.16,0:38:24,,1;0;0;0,0.4408;0.0000;0.0000,0;0;0,100.0
11125,DJI_0410_frame_011125,2309.16,0:38:29,,1;0;0;0,0.4182;0.0000;0.0000,0;0;0,100.0
11250,DJI_0410_frame_011250,2314.16,0:38:34,,1;0;0;0,0.2271;0.0000;0.0000,0;0;0,100.0
11375,DJI_0410_frame_011375,2319.16,0:38:39,,1;0;0;0,0.5791;0.0000;0.0000,0;0;0,100.0
11500,DJI_0410_frame_011500,2324.16,0:38:44,,1;0;0;0,0.5678;0.0000;0.0000,0;0;0,100.0
11625,DJI_0410_frame_011625,2329.16,0:38:49,,1;0;0;0,0.6414;0.0000;0.0000,0;0;0,100.0
11750,DJI_0410_frame_011750,2334.16,0:38:54,,0;1;0;0,0.6193;0.0000;0.0000,0;0;0,94.0
11875,DJI_0410_frame_011875,2339.16,0:38:59,,0;1;0;0,0.5760;0.0000;0.0000,0;0;0,94.0
12000,DJI_0410_frame_012000,2344.16,0:39:04,,1;0;0;0,0.6190;0.0000;0.0000,0;0;0,100.0
12125,DJI_0410_frame_012125,2349.16,0:39:09,,1;0;0;0,0.3311;0.0000;0.0000,0;0;0,100.0
12250,DJI_0410_frame_012250,2354.16,0:39:14,,1;0;0;0,0.0007;0.0000;0.0000,0;0;0,100.0
12375,DJI_0410_frame_012375,2359.16,0:39:19,,1;0;0;0,0.0092;0.0000;0.0000,0;0;0,100.0
12500,DJI_0410_frame_012500,2364.16,0:39:24,,1;0;0;0,0.0305;0.0000;0.0000,0;2;0,69.74
12625,DJI_0410_frame_012625,2369.16,0:39:29,,1;0;0;0,0.4212;0.0000;0.0000,0;0;1,90.93
12750,DJI_0410_frame_012750,2374.16,0:39:34,,0;1;0;0,0.3487;0.0000;0.0000,0;0;0,94.0
12875,DJI_0410_frame_012875,2379.16,0:39:39,,0;1;0;0,0.4359;0.0000;0.0000,0;1;0,71.88
13000,DJI_0410_frame_013000,2384.16,0:39:44,,0;1;0;0,0.5353;0.0000;0.0000,0;2;0,63.74
13125,DJI_0410_frame_013125,2389.16,0:39:49,,1;0;0;0,0.5770;0.0000;0.0000,0;2;0,69.74
13250,DJI_0410_frame_013250,2394.16,0:39:54,,0;1;0;0,0.5121;0.0000;0.0000,0;0;0,94.0
13375,DJI_0410_frame_013375,2399.16,0:39:59,,1;0;0;0,0.5531;0.0000;0.0000,0;0;0,100.0
13500,DJI_0410_frame_013500,2404.16,0:40:04,,1;0;0;0,0.5336;0.0000;0.0000,0;0;0,100.0
13625,DJI_0410_frame_013625,2409.16,0:40:09,,0;1;0;0,0.4940;0.0000;0.0000,0;0;0,94.0
13750,DJI_0410_frame_013750,2414.16,0:40:14,,1;0;0;0,0.4775;0.0000;0.0000,0;0;0,100.0
13875,DJI_0410_frame_013875,2419.16,0:40:19,,1;0;0;0,0.5691;0.0000;0.0000,0;0;0,100.0
14000,DJI_0410_frame_014000,2424.16,0:40:24,,0;1;0;0,0.6358;0.0000;0.0003,0;1;0,71.86
14125,DJI_0410_frame_014125,2429.16,0:40:29,,1;0;0;0,0.5906;0.0000;0.0000,0;0;0,100.0
14250,DJI_0410_frame_014250,2434.16,0:40:34,,1;0;0;0,0.5115;0.0000;0.0071,0;0;0,99.63
14375,DJI_0410_frame_014375,2439.16,0:40:39,,1;0;0;0,0.4862;0.0000;0.0029,0;0;0,99.84
14500,DJI_0410_frame_014500,2444.16,0:40:44,,1;0;0;0,0.3748;0.0000;0.0261,0;0;0,98.24
14625,DJI_0410_frame_014625,2449.16,0:40:49,,0;1;0;0,0.2319;0.0000;0.0768,0;1;0,65.16
14750,DJI_0410_frame_014750,2454.16,0:40:54,,1;0;0;0,0.3004;0.0000;0.0173,0;3;3,64.24
14875,DJI_0410_frame_014875,2459.16,0:40:59,,1;0;0;0,0.6562;0.0000;0.0000,1;2;0,70.79
15000,DJI_0410_frame_015000,2464.16,0:41:04,,1;0;0;0,0.7420;0.0000;0.0006,0;1;0,77.85
15125,DJI_0410_frame_015125,2469.16,0:41:09,,1;0;0;0,0.5928;0.0000;0.0000,0;0;0,100.0
15250,DJI_0410_frame_015250,2474.16,0:41:14,,1;0;0;0,0.6834;0.0000;0.0000,0;0;0,100.0
15375,DJI_0410_frame_015375,2479.16,0:41:19,,1;0;0;0,0.6326;0.0000;0.0010,0;0;0,99.96
15500,DJI_0410_frame_015500,2484.16,0:41:24,,1;0;0;0,0.4329;0.0000;0.0237,0;0;0,98.6
15625,DJI_0410_frame_015625,2489.16,0:41:29,,1;0;0;0,0.6029;0.0000;0.0022,0;0;0,99.9
15750,DJI_0410_frame_015750,2494.16,0:41:34,,1;0;0;0,0.5026;0.0000;0.0004,0;0;0,99.98
15875,DJI_0410_frame_015875,2499.16,0:41:39,,1;0;0;0,0.6747;0.0000;0.0000,0;0;0,100.0
16000,DJI_0410_frame_016000,2504.16,0:41:44,,1;0;0;0,0.5147;0.0000;0.0743,0;0;0,96.59
16125,DJI_0410_frame_016125,2509.16,0:41:49,,1;0;0;0,0.5475;0.0000;0.0623,0;0;0,97.24
16250,DJI_0410_frame_016250,2514.16,0:41:54,,1;0;0;0,0.6459;0.0000;0.0005,0;0;0,99.98
16375,DJI_0410_frame_016375,2519.16,0:41:59,,1;0;0;0,0.6757;0.0000;0.0045,0;0;0,99.82
16500,DJI_0410_frame_016500,2524.16,0:42:04,,1;0;0;0,0.6719;0.0000;0.0268,0;0;0,98.96
16625,DJI_0410_frame_016625,2529.16,0:42:09,,1;0;0;0,0.6993;0.0000;0.0000,0;0;0,100.0
16750,DJI_0410_frame_016750,2534.16,0:42:14,,1;0;0;0,0.5620;0.0000;0.1818,0;0;0,93.4
16875,DJI_0410_frame_016875,2539.16,0:42:19,,1;0;0;0,0.6100;0.0000;0.0872,0;0;0,96.62
17000,DJI_0410_frame_017000,2544.16,0:42:24,,1;0;0;0,0.6832;0.0000;0.0052,0;1;0,77.67
17125,DJI_0410_frame_017125,2549.16,0:42:29,,1;0;0;0,0.4993;0.0000;0.1130,0;0;0,95.02
17250,DJI_0410_frame_017250,2554.16,0:42:34,,1;0;0;0,0.4448;0.0000;0.1122,0;0;0,94.56
17375,DJI_0410_frame_017375,2559.16,0:42:39,,1;0;0;0,0.3256;0.0000;0.1179,0;0;0,92.82
17500,DJI_0410_frame_017500,2564.16,0:42:44,,0;1;0;0,0.7175;0.0000;0.0000,0;0;0,94.0
17625,DJI_0410_frame_017625,2569.16,0:42:49,,0;1;0;0,0.5882;0.0000;0.0181,0;0;0,93.2
17750,DJI_0410_frame_017750,2574.16,0:42:54,,1;0;0;0,0.3148;0.0000;0.2557,0;0;1,78.83
17875,DJI_0410_frame_017875,2579.16,0:42:59,,0;1;0;0,0.3219;0.0000;0.1358,0;0;0,85.99
18000,DJI_0410_frame_018000,2584.16,0:43:04,,1;0;0;0,0.6125;0.0000;0.0532,0;0;0,97.84
18125,DJI_0410_frame_018125,2589.16,0:43:09,,0;1;0;0,0.6486;0.0000;0.0278,0;0;0,92.89
18250,DJI_0410_frame_018250,2594.16,0:43:14,,1;0;0;0,0.6336;0.0000;0.0000,0;0;0,100.0
18375,DJI_0410_frame_018375,2599.16,0:43:19,,0;1;0;0,0.6478;0.0000;0.0096,0;0;0,93.61
18500,DJI_0410_frame_018500,2604.16,0:43:24,,1;0;0;0,0.5690;0.0000;0.0000,1;0;0,100.0
18625,DJI_0410_frame_018625,2609.16,0:43:29,,0;1;0;0,0.7012;0.0000;0.0000,0;0;0,94.0
18750,DJI_0410_frame_018750,2614.16,0:43:34,,1;0;0;0,0.5507;0.0000;0.0000,0;0;0,100.0
18875,DJI_0410_frame_018875,2619.16,0:43:39,,1;0;0;0,0.5346;0.0000;0.0023,0;0;0,99.88
19000,DJI_0410_frame_019000,2624.16,0:43:44,,1;0;0;0,0.4753;0.0000;0.0021,0;0;0,99.88
19125,DJI_0410_frame_019125,2629.16,0:43:49,,1;0;0;0,0.3286;0.0000;0.0256,0;0;0,98.05
19250,DJI_0410_frame_019250,2634.16,0:43:54,,1;0;0;0,0.2172;0.0000;0.1154,0;0;0,90.63
19375,DJI_0410_frame_019375,2639.16,0:43:59,,0;1;0;0,0.2335;0.0000;0.1457,0;0;0,83.63
19500,DJI_0410_frame_019500,2644.16,0:44:04,,0;1;0;0,0.1417;0.0000;0.1089,0;0;0,82.27
19625,DJI_0410_frame_019625,2649.16,0:44:09,,0;1;0;0,0.1276;0.0000;0.1150,0;0;0,81.2
19750,DJI_0410_frame_019750,2654.16,0:44:14,,1;0;0;0,0.2550;0.0000;0.1291,0;0;0,90.93
19875,DJI_0410_frame_019875,2659.16,0:44:19,,1;0;0;0,0.3240;0.0000;0.0440,0;0;0,96.77
20000,DJI_0410_frame_020000,2664.16,0:44:24,,0;1;0;0,0.3941;0.0000;0.0521,0;0;0,90.85
20125,DJI_0410_frame_020125,2669.16,0:44:29,,0;1;0;0,0.4333;0.0000;0.0059,0;0;0,93.64
20250,DJI_0410_frame_020250,2674.16,0:44:34,,0;1;0;0,0.4609;0.0000;0.0031,0;0;0,93.82
20375,DJI_0410_frame_020375,2679.16,0:44:39,,0;1;0;0,0.5764;0.0000;0.0007,0;0;0,93.97
20500,DJI_0410_frame_020500,2684.16,0:44:44,,0;1;0;0,0.6149;0.0000;0.0156,0;0;0,93.33
20625,DJI_0410_frame_020625,2689.16,0:44:49,,0;1;0;0,0.4697;0.0000;0.1162,0;0;0,88.64
20750,DJI_0410_frame_020750,2694.16,0:44:54,,1;0;0;0,0.0838;0.0000;0.2770,0;0;0,79.27
20875,DJI_0410_frame_020875,2699.16,0:44:59,,0;1;0;0,0.0934;0.0000;0.0028,0;2;0,62.95
21000,DJI_0410_frame_021000,2704.16,0:45:04,,1;0;0;0,0.0156;0.0000;0.3080,0;0;0,74.3
21125,DJI_0410_frame_021125,2709.16,0:45:09,,1;0;0;0,0.1509;0.0000;0.0322,0;0;0,95.25
21250,DJI_0410_frame_021250,2714.16,0:45:14,,1;0;0;0,0.2040;0.0000;0.0000,0;0;0,100.0
21375,DJI_0410_frame_021375,2719.16,0:45:19,,0;1;0;0,0.2960;0.0000;0.0278,0;0;0,91.68
21500,DJI_0410_frame_021500,2724.16,0:45:24,,0;1;0;0,0.4069;0.0000;0.0012,0;0;0,93.92
21625,DJI_0410_frame_021625,2729.16,0:45:29,,0;1;0;0,0.2337;0.0000;0.0554,0;0;0,88.82
21750,DJI_0410_frame_021750,2734.16,0:45:34,,0;1;0;0,0.3774;0.0000;0.0004,0;1;0,71.85
21875,DJI_0410_frame_021875,2739.16,0:45:39,,0;1;0;0,0.1652;0.0000;0.1115,0;0;0,83.12
22000,DJI_0410_frame_022000,2744.16,0:45:44,,0;1;0;0,0.2179;0.0000;0.2716,0;0;0,79.02
22125,DJI_0410_frame_022125,2749.16,0:45:49,,0;1;0;0,0.2731;0.0000;0.0239,0;0;0,91.83
22250,DJI_0410_frame_022250,2754.16,0:45:54,,0;1;0;0,0.2458;0.0000;0.0220,0;0;0,91.78
22375,DJI_0410_frame_022375,2759.16,0:45:59,,0;1;0;0,0.1636;0.0000;0.1129,0;0;0,82.98
22500,DJI_0410_frame_022500,2764.16,0:46:04,,0;1;0;0,0.1105;0.0000;0.0670,0;0;0,83.81
22625,DJI_0410_frame_022625,2769.16,0:46:09,,0;1;0;0,0.3650;0.0000;0.1210,0;0;0,87.28
22750,DJI_0410_frame_022750,2774.16,0:46:14,,0;1;0;0,0.4440;0.0000;0.0336,0;0;0,92.1
22875,DJI_0410_frame_022875,2779.16,0:46:19,,0;1;0;0,0.3867;0.0000;0.0386,0;1;0,69.43
23000,DJI_0410_frame_023000,2784.16,0:46:24,,0;1;0;0,0.3670;0.0000;0.0240,0;3;0,59.08
23125,DJI_0410_frame_023125,2789.16,0:46:29,,0;1;0;0,0.1674;0.0000;0.0781,0;6;0,50.5
23250,DJI_0410_frame_023250,2794.16,0:46:34,,0;1;0;0,0.0740;0.0000;0.2512,0;10;0,38.15
23375,DJI_0410_frame_023375,2799.16,0:46:39,,0;1;0;0,0.1229;0.0000;0.1361,0;3;0,46.56
0,DJI_0411_frame_000000,2801.6,0:46:41,,0;1;0;0,0.2309;0.0000;0.0126,0;0;0,92.61
125,DJI_0411_frame_000125,2806.6,0:46:46,,0;1;0;0,0.3772;0.0000;0.0000,0;0;0,94.0
250,DJI_0411_frame_000250,2811.6,0:46:51,,1;0;0;0,0.1381;0.0000;0.0000,0;0;0,100.0
375,DJI_0411_frame_000375,2816.6,0:46:56,,0;1;0;0,0.1566;0.0000;0.0000,0;1;0,71.88
500,DJI_0411_frame_000500,2821.6,0:47:01,,1;0;0;0,0.2350;0.0000;0.0000,0;0;0,100.0
625,DJI_0411_frame_000625,2826.6,0:47:06,,0;1;0;0,0.5646;0.0000;0.0000,0;1;0,71.88
750,DJI_0411_frame_000750,2831.6,0:47:11,,0;1;0;0,0.5826;0.0000;0.0000,0;0;0,94.0
875,DJI_0411_frame_000875,2836.6,0:47:16,,0;1;0;0,0.5558;0.0000;0.0000,0;1;0,71.88
1000,DJI_0411_frame_001000,2841.6,0:47:21,,0;1;0;0,0.7383;0.0000;0.0000,0;0;0,94.0
1125,DJI_0411_frame_001125,2846.6,0:47:26,,0;1;0;0,0.6750;0.0000;0.0000,0;2;0,63.74
1250,DJI_0411_frame_001250,2851.6,0:47:31,,0;1;0;0,0.6967;0.0000;0.0000,0;0;0,94.0
1375,DJI_0411_frame_001375,2856.6,0:47:36,,0;1;0;0,0.5951;0.0000;0.0000,0;0;0,94.0
1500,DJI_0411_frame_001500,2861.6,0:47:41,,0;1;0;0,0.4227;0.0000;0.0000,0;0;0,94.0
1625,DJI_0411_frame_001625,2866.6,0:47:46,,0;1;0;0,0.3752;0.0000;0.0000,0;1;0,71.88
1750,DJI_0411_frame_001750,2871.6,0:47:51,,0;1;0;0,0.2014;0.0000;0.0000,0;1;0,71.88
1875,DJI_0411_frame_001875,2876.6,0:47:56,,0;1;0;0,0.2801;0.0000;0.0000,0;4;0,59.64
2000,DJI_0411_frame_002000,2881.6,0:48:01,,0;1;0;0,0.3110;0.0000;0.0000,0;3;0,60.74
2125,DJI_0411_frame_002125,2886.6,0:48:06,,0;1;0;0,0.3495;0.0000;0.0000,0;1;0,71.88
2250,DJI_0411_frame_002250,2891.6,0:48:11,,0;1;0;0,0.3221;0.0000;0.0000,0;0;0,94.0
2375,DJI_0411_frame_002375,2896.6,0:48:16,,0;1;0;0,0.2785;0.0000;0.0000,0;0;0,94.0
2500,DJI_0411_frame_002500,2901.6,0:48:21,,0;1;0;0,0.3994;0.0000;0.0000,0;0;0,94.0
2625,DJI_0411_frame_002625,2906.6,0:48:26,,0;1;0;0,0.4220;0.0000;0.0025,0;0;0,93.84
2750,DJI_0411_frame_002750,2911.6,0:48:31,,0;1;0;0,0.2850;0.0000;0.0039,0;0;0,93.63
2875,DJI_0411_frame_002875,2916.6,0:48:36,,0;1;0;0,0.4899;0.0000;0.0000,0;0;0,94.0
3000,DJI_0411_frame_003000,2921.6,0:48:41,,0;1;0;0,0.5162;0.0000;0.0000,0;1;0,71.88
3125,DJI_0411_frame_003125,2926.6,0:48:46,,0;1;0;0,0.5029;0.0000;0.0000,0;0;0,94.0
3250,DJI_0411_frame_003250,2931.6,0:48:51,,0;1;0;0,0.5613;0.0000;0.0000,0;1;0,71.88
3375,DJI_0411_frame_003375,2936.6,0:48:56,,0;1;0;0,0.2159;0.0000;0.0001,0;0;0,93.98
3500,DJI_0411_frame_003500,2941.6,0:49:01,,0;1;0;0,0.3068;0.0000;0.0128,0;0;0,92.92
3625,DJI_0411_frame_003625,2946.6,0:49:06,,0;1;0;0,0.4832;0.0000;0.0000,0;0;0,94.0
3750,DJI_0411_frame_003750,2951.6,0:49:11,,0;1;0;0,0.5452;0.0000;0.0000,0;0;0,94.0
3875,DJI_0411_frame_003875,2956.6,0:49:16,,0;1;0;0,0.4470;0.0000;0.0000,0;2;0,63.74
4000,DJI_0411_frame_004000,2961.6,0:49:21,,0;1;0;0,0.4312;0.0000;0.0065,0;0;0,93.6
4125,DJI_0411_frame_004125,2966.6,0:49:26,,0;1;0;0,0.3004;0.0000;0.0570,0;0;0,89.69
4250,DJI_0411_frame_004250,2971.6,0:49:31,,0;1;0;0,0.4305;0.0000;0.0969,0;1;0,66.91
4375,DJI_0411_frame_004375,2976.6,0:49:36,,0;1;0;0,0.3516;0.0000;0.0220,0;0;0,92.41
4500,DJI_0411_frame_004500,2981.6,0:49:41,,1;0;0;0,0.2386;0.0000;0.0248,1;3;0,64.59
4625,DJI_0411_frame_004625,2986.6,0:49:46,,0;1;0;0,0.1930;0.0000;0.0371,0;6;0,54.73
4750,DJI_0411_frame_004750,2991.6,0:49:51,,0;1;0;0,0.1756;0.0000;0.0400,0;3;0,55.73
4875,DJI_0411_frame_004875,2996.6,0:49:56,,0;1;0;0,0.2514;0.0000;0.0018,0;1;0,71.68
5000,DJI_0411_frame_005000,3001.6,0:50:01,,0;1;0;0,0.1797;0.0000;0.0020,0;1;0,71.59
5125,DJI_0411_frame_005125,3006.6,0:50:06,,0;1;0;0,0.1870;0.0000;0.0475,0;4;0,54.17
5250,DJI_0411_frame_005250,3011.6,0:50:11,,0;1;0;0,0.2750;0.0000;0.0507,0;3;0,56.54
5375,DJI_0411_frame_005375,3016.6,0:50:16,,0;1;0;0,0.2417;0.0000;0.0214,0;7;0,56.83
5500,DJI_0411_frame_005500,3021.6,0:50:21,,0;1;0;0,0.1174;0.0000;0.0726,0;2;2,51.28
5625,DJI_0411_frame_005625,3026.6,0:50:26,,0;1;0;0,0.1991;0.0000;0.0884,0;4;0,51.34
5750,DJI_0411_frame_005750,3031.6,0:50:31,,0;1;0;0,0.1119;0.0000;0.2361,0;4;0,41.32
5875,DJI_0411_frame_005875,3036.6,0:50:36,,0;1;0;0,0.1238;0.0000;0.1535,0;3;1,45.35
6000,DJI_0411_frame_006000,3041.6,0:50:41,,0;1;0;0,0.3542;0.0000;0.0582,0;2;0,59.93
6125,DJI_0411_frame_006125,3046.6,0:50:46,,0;1;0;0,0.0967;0.0000;0.2791,0;8;0,38.96
6250,DJI_0411_frame_006250,3051.6,0:50:51,,0;1;0;0,0.0012;0.0000;0.3644,1;5;0,32.37
6375,DJI_0411_frame_006375,3056.6,0:50:56,,0;1;0;0,0.0219;0.0000;0.2925,0;2;2,36.48
6500,DJI_0411_frame_006500,3061.6,0:51:01,,0;1;0;0,0.2233;0.0000;0.0910,0;5;2,51.31
6625,DJI_0411_frame_006625,3066.6,0:51:06,,0;1;0;0,0.4291;0.0000;0.0465,0;1;0,69.24
6750,DJI_0411_frame_006750,3071.6,0:51:11,,0;1;0;0,0.4056;0.0000;0.1333,0;3;0,54.06
6875,DJI_0411_frame_006875,3076.6,0:51:16,,0;1;0;0,0.2306;0.0000;0.1015,0;1;0,63.62
7000,DJI_0411_frame_007000,3081.6,0:51:21,,0;1;0;0,0.2496;0.0000;0.1530,0;2;0,53.48
7125,DJI_0411_frame_007125,3086.6,0:51:26,,0;1;0;0,0.0414;0.0000;0.3882,0;3;0,36.35
7250,DJI_0411_frame_007250,3091.6,0:51:31,,0;1;0;0,0.0686;0.0000;0.1864,0;5;0,39.5
7375,DJI_0411_frame_007375,3096.6,0:51:36,,0;1;0;0,0.0514;0.0000;0.2566,0;3;0,38.25
7500,DJI_0411_frame_007500,3101.6,0:51:41,,0;1;0;0,0.0822;0.0000;0.2199,0;2;0,44.08
7625,DJI_0411_frame_007625,3106.6,0:51:46,,0;1;0;0,0.2404;0.0000;0.1951,0;1;0,59.78
7750,DJI_0411_frame_007750,3111.6,0:51:51,,1;0;0;0,0.0361;0.0000;0.2092,0;2;1,45.49
7875,DJI_0411_frame_007875,3116.6,0:51:56,,1;0;0;0,0.0230;0.0000;0.0453,0;0;0,82.1
8000,DJI_0411_frame_008000,3121.6,0:52:01,,1;0;0;0,0.0698;0.0000;0.2166,0;0;1,70.51
8125,DJI_0411_frame_008125,3126.6,0:52:06,,1;0;0;0,0.1951;0.0000;0.2838,0;0;0,84.0
8250,DJI_0411_frame_008250,3131.6,0:52:11,,1;0;0;0,0.3504;0.0000;0.0000,0;0;0,100.0
8375,DJI_0411_frame_008375,3136.6,0:52:16,,1;0;0;0,0.5956;0.0000;0.0000,0;0;0,100.0
8500,DJI_0411_frame_008500,3141.6,0:52:21,,1;0;0;0,0.6303;0.0000;0.0000,0;0;0,100.0
8625,DJI_0411_frame_008625,3146.6,0:52:26,,0;1;0;0,0.6471;0.0000;0.0000,0;0;0,94.0
8750,DJI_0411_frame_008750,3151.6,0:52:31,,0;1;0;0,0.6888;0.0000;0.0000,0;0;0,94.0
8875,DJI_0411_frame_008875,3156.6,0:52:36,,1;0;0;0,0.5567;0.0000;0.0000,0;1;0,77.88
9000,DJI_0411_frame_009000,3161.6,0:52:41,,0;1;0;0,0.6091;0.0000;0.0000,0;0;0,94.0
9125,DJI_0411_frame_009125,3166.6,0:52:46,,0;1;0;0,0.5420;0.0000;0.0000,0;0;0,94.0
9250,DJI_0411_frame_009250,3171.6,0:52:51,,0;0;0;1,0.4092;0.0000;0.0000,0;0;0,82.0
9375,DJI_0411_frame_009375,3176.6,0:52:56,,1;0;0;0,0.5338;0.0000;0.0000,0;0;0,100.0
9500,DJI_0411_frame_009500,3181.6,0:53:01,,0;0;1;0,0.6988;0.0000;0.0000,0;0;0,86.0
9625,DJI_0411_frame_009625,3186.6,0:53:06,,1;0;0;0,0.6234;0.0000;0.0000,0;0;0,100.0
9750,DJI_0411_frame_009750,3191.6,0:53:11,,1;0;0;0,0.8030;0.0000;0.0000,0;0;0,100.0
9875,DJI_0411_frame_009875,3196.6,0:53:16,,0;1;0;0,0.3412;0.0000;0.0000,0;1;0,71.88
10000,DJI_0411_frame_010000,3201.6,0:53:21,,1;0;0;0,0.3553;0.0000;0.0000,0;0;0,100.0
10125,DJI_0411_frame_010125,3206.6,0:53:26,,1;0;0;0,0.6413;0.0000;0.0000,0;0;0,100.0
10250,DJI_0411_frame_010250,3211.6,0:53:31,,1;0;0;0,0.6503;0.0000;0.0000,0;0;0,100.0
10375,DJI_0411_frame_010375,3216.6,0:53:36,,1;0;0;0,0.3578;0.0000;0.0000,0;0;0,100.0
10500,DJI_0411_frame_010500,3221.6,0:53:41,,1;0;0;0,0.5461;0.0000;0.0000,0;0;0,100.0
10625,DJI_0411_frame_010625,3226.6,0:53:46,,0;0;1;0,0.5973;0.0000;0.0000,0;0;0,86.0
10750,DJI_0411_frame_010750,3231.6,0:53:51,,0;1;0;0,0.3973;0.0000;0.0000,0;0;0,94.0
10875,DJI_0411_frame_010875,3236.6,0:53:56,,1;0;0;0,0.7123;0.0000;0.0000,0;0;0,100.0
11000,DJI_0411_frame_011000,3241.6,0:54:01,,1;0;0;0,0.5956;0.0000;0.0000,0;0;0,100.0
11125,DJI_0411_frame_011125,3246.6,0:54:06,,0;0;0;1,0.7714;0.0000;0.0000,0;0;0,82.0
11250,DJI_0411_frame_011250,3251.6,0:54:11,,1;0;0;0,0.6374;0.0000;0.0000,0;0;0,100.0
11375,DJI_0411_frame_011375,3256.6,0:54:16,,0;1;0;0,0.4555;0.0000;0.0000,0;2;0,63.74
11500,DJI_0411_frame_011500,3261.6,0:54:21,,1;0;0;0,0.6237;0.0000;0.0000,0;0;0,100.0
11625,DJI_0411_frame_011625,3266.6,0:54:26,,1;0;0;0,0.7716;0.0000;0.0000,0;2;0,69.74
11750,DJI_0411_frame_011750,3271.6,0:54:31,,1;0;0;0,0.7137;0.0000;0.0000,0;2;0,69.74
11875,DJI_0411_frame_011875,3276.6,0:54:36,,1;0;0;0,0.7449;0.0000;0.0000,0;1;0,77.88
12000,DJI_0411_frame_012000,3281.6,0:54:41,,1;0;0;0,0.7216;0.0000;0.0000,0;1;0,77.88
12125,DJI_0411_frame_012125,3286.6,0:54:46,,1;0;0;0,0.7057;0.0000;0.0000,0;0;0,100.0
12250,DJI_0411_frame_012250,3291.6,0:54:51,,1;0;0;0,0.6995;0.0000;0.0000,0;0;0,100.0
12375,DJI_0411_frame_012375,3296.6,0:54:56,,1;0;0;0,0.7004;0.0000;0.0000,0;0;0,100.0
12500,DJI_0411_frame_012500,3301.6,0:55:01,,1;0;0;0,0.7195;0.0000;0.0000,0;0;0,100.0
12625,DJI_0411_frame_012625,3306.6,0:55:06,,1;0;0;0,0.7368;0.0000;0.0000,0;0;0,100.0
12750,DJI_0411_frame_012750,3311.6,0:55:11,,1;0;0;0,0.7227;0.0000;0.0000,0;0;0,100.0
12875,DJI_0411_frame_012875,3316.6,0:55:16,,1;0;0;0,0.7473;0.0000;0.0000,0;0;0,100.0
13000,DJI_0411_frame_013000,3321.6,0:55:21,,1;0;0;0,0.7801;0.0000;0.0000,0;0;0,100.0
13125,DJI_0411_frame_013125,3326.6,0:55:26,,1;0;0;0,0.8068;0.0000;0.0000,0;0;0,100.0
13250,DJI_0411_frame_013250,3331.6,0:55:31,,1;0;0;0,0.8031;0.0000;0.0000,0;0;0,100.0
13375,DJI_0411_frame_013375,3336.6,0:55:36,,1;0;0;0,0.8033;0.0000;0.0000,0;0;0,100.0
13500,DJI_0411_frame_013500,3341.6,0:55:41,,1;0;0;0,0.8127;0.0000;0.0000,0;0;0,100.0
13625,DJI_0411_frame_013625,3346.6,0:55:46,,1;0;0;0,0.7978;0.0000;0.0000,0;1;0,77.88
13750,DJI_0411_frame_013750,3351.6,0:55:51,,1;0;0;0,0.7392;0.0000;0.0000,0;0;0,100.0
13875,DJI_0411_frame_013875,3356.6,0:55:56,,1;0;0;0,0.8069;0.0000;0.0000,0;0;0,100.0
14000,DJI_0411_frame_014000,3361.6,0:56:01,,1;0;0;0,0.6111;0.0000;0.0000,0;0;0,100.0
14125,DJI_0411_frame_014125,3366.6,0:56:06,,1;0;0;0,0.3741;0.0000;0.0184,0;0;0,98.73
14250,DJI_0411_frame_014250,3371.6,0:56:11,,0;1;0;0,0.5637;0.0000;0.0000,0;4;0,59.64
14375,DJI_0411_frame_014375,3376.6,0:56:16,,0;0;0;1,0.7645;0.0000;0.0000,0;0;0,82.0
14500,DJI_0411_frame_014500,3381.6,0:56:21,,0;0;1;0,0.5812;0.0000;0.0000,0;0;0,86.0
14625,DJI_0411_frame_014625,3386.6,0:56:26,,0;0;1;0,0.4799;0.0000;0.0000,0;0;0,86.0
14750,DJI_0411_frame_014750,3391.6,0:56:31,,1;0;0;0,0.7979;0.0000;0.0000,0;0;0,100.0
14875,DJI_0411_frame_014875,3396.6,0:56:36,,1;0;0;0,0.7996;0.0000;0.0000,0;3;0,66.74
15000,DJI_0411_frame_015000,3401.6,0:56:41,,1;0;0;0,0.8394;0.0000;0.0000,0;0;0,100.0
15125,DJI_0411_frame_015125,3406.6,0:56:46,,1;0;0;0,0.8029;0.0000;0.0000,0;0;0,100.0
15250,DJI_0411_frame_015250,3411.6,0:56:51,,1;0;0;0,0.7388;0.0000;0.0000,0;0;0,100.0
15375,DJI_0411_frame_015375,3416.6,0:56:56,,1;0;0;0,0.7368;0.0000;0.0000,0;0;0,100.0
15500,DJI_0411_frame_015500,3421.6,0:57:01,,1;0;0;0,0.7161;0.0000;0.0002,0;0;0,99.99
15625,DJI_0411_frame_015625,3426.6,0:57:06,,1;0;0;0,0.6721;0.0000;0.0082,0;0;0,99.68
15750,DJI_0411_frame_015750,3431.6,0:57:11,,1;0;0;0,0.5015;0.0000;0.0682,0;3;0,63.51
15875,DJI_0411_frame_015875,3436.6,0:57:16,,0;1;0;0,0.0942;0.0000;0.1495,0;11;0,42.43
16000,DJI_0411_frame_016000,3441.6,0:57:21,,0;1;0;0,0.0958;0.0000;0.3085,0;1;0,51.27
16125,DJI_0411_frame_016125,3446.6,0:57:26,,0;1;0;0,0.1047;0.0000;0.3234,0;3;0,40.35
16250,DJI_0411_frame_016250,3451.6,0:57:31,,0;1;0;0,0.1160;0.0000;0.1557,0;1;0,56.4
16375,DJI_0411_frame_016375,3456.6,0:57:36,,0;1;0;0,0.2648;0.0000;0.0252,0;2;0,61.39
16500,DJI_0411_frame_016500,3461.6,0:57:41,,0;1;0;0,0.3413;0.0000;0.0435,0;2;0,60.69
16625,DJI_0411_frame_016625,3466.6,0:57:46,,0;1;0;0,0.4809;0.0000;0.0000,0;1;0,71.88
16750,DJI_0411_frame_016750,3471.6,0:57:51,,0;1;0;0,0.3840;0.0000;0.0590,0;0;0,90.4
16875,DJI_0411_frame_016875,3476.6,0:57:56,,0;1;0;0,0.3600;0.0000;0.1146,0;3;3,53.19
17000,DJI_0411_frame_017000,3481.6,0:58:01,,1;0;0;0,0.0229;0.0000;0.5081,0;2;0,43.9
17125,DJI_0411_frame_017125,3486.6,0:58:06,,1;0;0;0,0.0361;0.0000;0.3272,0;2;0,45.42
17250,DJI_0411_frame_017250,3491.6,0:58:11,,0;1;0;0,0.0616;0.0000;0.2743,0;2;0,41.69
17375,DJI_0411_frame_017375,3496.6,0:58:16,,1;0;0;0,0.1213;0.0000;0.0269,0;1;0,72.98
17500,DJI_0411_frame_017500,3501.6,0:58:21,,1;0;0;0,0.4150;0.0000;0.0447,0;0;0,97.38
17625,DJI_0411_frame_017625,3506.6,0:58:26,,0;1;0;0,0.4536;0.0000;0.0003,0;1;0,71.86
17750,DJI_0411_frame_017750,3511.6,0:58:31,,0;1;0;0,0.4434;0.0000;0.0000,0;3;0,60.74
17875,DJI_0411_frame_017875,3516.6,0:58:36,,1;0;0;0,0.5298;0.0000;0.0000,0;2;1,68.51
18000,DJI_0411_frame_018000,3521.6,0:58:41,,1;0;0;0,0.5107;0.0000;0.0018,0;0;0,99.91
18125,DJI_0411_frame_018125,3526.6,0:58:46,,1;0;0;0,0.5663;0.0000;0.0040,0;0;0,99.81
18250,DJI_0411_frame_018250,3531.6,0:58:51,,1;0;0;0,0.5172;0.0000;0.0000,0;2;0,69.74
18375,DJI_0411_frame_018375,3536.6,0:58:56,,1;0;0;0,0.5491;0.0000;0.0000,0;2;0,69.74
18500,DJI_0411_frame_018500,3541.6,0:59:01,,0;1;0;0,0.5319;0.0000;0.0000,0;0;0,94.0
18625,DJI_0411_frame_018625,3546.6,0:59:06,,1;0;0;0,0.5933;0.0000;0.0000,1;1;0,80.73
18750,DJI_0411_frame_018750,3551.6,0:59:11,,1;0;0;0,0.2608;0.0000;0.0587,0;1;0,72.91
18875,DJI_0411_frame_018875,3556.6,0:59:16,,1;0;0;0,0.3950;0.0000;0.0286,0;1;0,76.06
19000,DJI_0411_frame_019000,3561.6,0:59:21,,1;0;0;0,0.2705;0.0000;0.3021,0;1;0,63.63
19125,DJI_0411_frame_019125,3566.6,0:59:26,,1;0;0;0,0.3012;0.0000;0.3208,0;1;0,63.95
19250,DJI_0411_frame_019250,3571.6,0:59:31,,1;0;0;0,0.1730;0.0000;0.4053,0;2;0,50.81
19375,DJI_0411_frame_019375,3576.6,0:59:36,,1;0;0;0,0.6071;0.0000;0.0510,0;3;0,64.65
19500,DJI_0411_frame_019500,3581.6,0:59:41,,1;0;0;0,0.0113;0.0000;0.5652,0;7;0,38.56
19625,DJI_0411_frame_019625,3586.6,0:59:46,,1;0;0;0,0.0071;0.0000;0.5519,0;3;0,40.08
19750,DJI_0411_frame_019750,3591.6,0:59:51,,1;0;0;0,0.0116;0.0000;0.4971,0;9;0,38.62
19875,DJI_0411_frame_019875,3596.6,0:59:56,,1;0;0;0,0.0237;0.0000;0.5753,0;4;0,39.71
20000,DJI_0411_frame_020000,3601.6,1:00:01,,1;0;0;0,0.0474;0.0000;0.6105,0;4;1,40.42
20125,DJI_0411_frame_020125,3606.6,1:00:06,,1;0;0;0,0.1628;0.0000;0.1705,0;6;0,51.27
20250,DJI_0411_frame_020250,3611.6,1:00:11,,0;1;0;0,0.1176;0.0000;0.2039,0;7;0,41.91
20375,DJI_0411_frame_020375,3616.6,1:00:16,,0;1;0;0,0.3184;0.0000;0.2620,0;3;0,48.56
20500,DJI_0411_frame_020500,3621.6,1:00:21,,0;1;0;0,0.1616;0.0000;0.4700,0;2;0,43.65
20625,DJI_0411_frame_020625,3626.6,1:00:26,,0;1;0;0,0.2138;0.0000;0.3943,0;1;4,45.37
20750,DJI_0411_frame_020750,3631.6,1:00:31,,0;1;0;0,0.0261;0.0000;0.3382,0;5;2,34.07
20875,DJI_0411_frame_020875,3636.6,1:00:36,,0;1;0;0,0.0560;0.0000;0.4835,0;4;0,35.45
21000,DJI_0411_frame_021000,3641.6,1:00:41,,1;0;0;0,0.0098;0.0000;0.7042,0;1;2,45.44
21125,DJI_0411_frame_021125,3646.6,1:00:46,,0;1;0;0,0.0000;0.0000;0.8644,0;1;0,44.88
21250,DJI_0411_frame_021250,3651.6,1:00:51,,1;0;0;0,0.0007;0.0000;0.7460,0;1;0,50.9
21375,DJI_0411_frame_021375,3656.6,1:00:56,,1;0;0;0,0.0051;0.0000;0.7694,0;0;0,73.18
21500,DJI_0411_frame_021500,3661.6,1:01:01,,1;0;0;0,0.0000;0.0000;0.7079,0;0;6,43.79
21625,DJI_0411_frame_021625,3666.6,1:01:06,,0;1;0;0,0.0050;0.0000;0.5301,0;0;2,51.46
21750,DJI_0411_frame_021750,3671.6,1:01:11,,0;1;0;0,0.0066;0.0000;0.5153,0;0;1,58.27
21875,DJI_0411_frame_021875,3676.6,1:01:16,,0;1;0;0,0.0078;0.0000;0.5190,0;0;1,58.33
22000,DJI_0411_frame_022000,3681.6,1:01:21,,0;1;0;0,0.0099;0.0000;0.5217,0;0;1,58.43
22125,DJI_0411_frame_022125,3686.6,1:01:26,,0;1;0;0,0.0089;0.0000;0.5201,0;0;1,58.38
22250,DJI_0411_frame_022250,3691.6,1:01:31,,0;1;0;0,0.0102;0.0000;0.4771,0;1;1,42.1
22375,DJI_0411_frame_022375,3696.6,1:01:36,,0;1;0;0,0.0097;0.0000;0.5195,0;0;1,58.42
22500,DJI_0411_frame_022500,3701.6,1:01:41,,0;1;0;0,0.0094;0.0000;0.5211,0;0;2,51.69
22625,DJI_0411_frame_022625,3706.6,1:01:46,,0;1;0;0,0.0075;0.0000;0.5142,0;1;1,41.93
22750,DJI_0411_frame_022750,3711.6,1:01:51,,0;1;0;0,0.0090;0.0000;0.5222,0;0;1,58.38
22875,DJI_0411_frame_022875,3716.6,1:01:56,,0;1;0;0,0.0087;0.0000;0.5195,0;0;1,58.37
23000,DJI_0411_frame_023000,3721.6,1:02:01,,0;1;0;0,0.0084;0.0000;0.5198,0;1;0,45.31
23125,DJI_0411_frame_023125,3726.6,1:02:06,,0;1;0;0,0.0075;0.0000;0.5193,0;1;1,41.92
23250,DJI_0411_frame_023250,3731.6,1:02:11,,0;1;0;0,0.0082;0.0000;0.5224,0;0;1,58.34
23375,DJI_0411_frame_023375,3736.6,1:02:16,,0;1;0;0,0.0093;0.0000;0.5198,0;1;0,45.35
0,DJI_0412_frame_000000,3740.96,1:02:20,,0;1;0;0,0.0055;0.0000;0.5124,0;1;1,41.83
125,DJI_0412_frame_000125,3745.96,1:02:25,,0;1;0;0,0.0048;0.0000;0.5129,0;0;1,58.18
250,DJI_0412_frame_000250,3750.96,1:02:30,,0;1;0;0,0.0052;0.0000;0.5131,0;0;2,51.48
375,DJI_0412_frame_000375,3755.96,1:02:35,,0;1;0;0,0.0047;0.0000;0.5053,0;1;1,41.79
500,DJI_0412_frame_000500,3760.96,1:02:40,,0;1;0;0,0.0068;0.0000;0.5159,0;0;1,58.28
625,DJI_0412_frame_000625,3765.96,1:02:45,,0;1;0;0,0.0063;0.0000;0.4994,0;1;0,45.21
750,DJI_0412_frame_000750,3770.96,1:02:50,,0;1;0;0,0.0070;0.0000;0.5160,0;0;1,58.29
875,DJI_0412_frame_000875,3775.96,1:02:55,,0;1;0;0,0.0060;0.0000;0.5158,0;0;0,67.31
1000,DJI_0412_frame_001000,3780.96,1:03:00,,0;1;0;0,0.0062;0.0000;0.5154,0;0;0,67.32
1125,DJI_0412_frame_001125,3785.96,1:03:05,,0;1;0;0,0.0071;0.0000;0.5052,0;1;1,41.91
1250,DJI_0412_frame_001250,3790.96,1:03:10,,0;1;0;0,0.0067;0.0000;0.5139,0;0;2,51.56
1375,DJI_0412_frame_001375,3795.96,1:03:15,,0;1;0;0,0.0067;0.0000;0.5132,0;0;2,51.56
1500,DJI_0412_frame_001500,3800.96,1:03:20,,0;1;0;0,0.0071;0.0000;0.5059,0;1;1,41.91
1625,DJI_0412_frame_001625,3805.96,1:03:25,,0;1;0;0,0.0078;0.0000;0.5103,0;0;1,58.33
1750,DJI_0412_frame_001750,3810.96,1:03:30,,0;1;0;0,0.0073;0.0000;0.5016,0;1;1,41.92
1875,DJI_0412_frame_001875,3815.96,1:03:35,,0;1;0;0,0.0085;0.0000;0.5070,1;1;1,44.09
2000,DJI_0412_frame_002000,3820.96,1:03:40,,0;1;0;0,0.0052;0.0000;0.4872,2;1;1,46.51
2125,DJI_0412_frame_002125,3825.96,1:03:45,,0;1;0;0,0.0076;0.0000;0.5107,2;0;2,61.05
2250,DJI_0412_frame_002250,3830.96,1:03:50,,0;1;0;0,0.0000;0.0000;0.5987,0;0;9,34.35
2375,DJI_0412_frame_002375,3835.96,1:03:55,,1;0;0;0,0.0009;0.0000;0.6486,0;0;6,43.82
2500,DJI_0412_frame_002500,3840.96,1:04:00,,0;1;0;0,0.0116;0.0000;0.5134,0;0;0,67.6
2625,DJI_0412_frame_002625,3845.96,1:04:05,,0;1;0;0,0.0413;0.0000;0.4606,0;6;0,34.31
2750,DJI_0412_frame_002750,3850.96,1:04:10,,0;1;0;0,0.2499;0.0000;0.2147,0;6;0,46.61
2875,DJI_0412_frame_002875,3855.96,1:04:15,,0;1;0;0,0.3309;0.0000;0.1160,0;2;0,56.73
3000,DJI_0412_frame_003000,3860.96,1:04:20,,0;1;0;0,0.0918;0.0000;0.2347,0;2;3,41.52
3125,DJI_0412_frame_003125,3865.96,1:04:25,,0;1;0;0,0.1857;0.0000;0.2703,0;2;0,47.73
3250,DJI_0412_frame_003250,3870.96,1:04:30,,0;1;0;0,0.1832;0.0000;0.1659,0;2;2,48.77
3375,DJI_0412_frame_003375,3875.96,1:04:35,,1;0;0;0,0.2083;0.0000;0.3073,1;4;5,49.08
3500,DJI_0412_frame_003500,3880.96,1:04:40,,0;1;0;0,0.0423;0.0000;0.4677,0;8;0,34.25
3625,DJI_0412_frame_003625,3885.96,1:04:45,,0;1;0;0,0.0636;0.0000;0.4249,0;7;0,35.55
3750,DJI_0412_frame_003750,3890.96,1:04:50,,0;1;0;0,0.1562;0.0000;0.3871,0;4;0,40.4
3875,DJI_0412_frame_003875,3895.96,1:04:55,,0;1;0;0,0.5592;0.0000;0.0735,0;7;0,55.89
4000,DJI_0412_frame_004000,3900.96,1:05:00,,0;1;0;0,0.3126;0.0000;0.1621,0;3;0,51.52
4125,DJI_0412_frame_004125,3905.96,1:05:05,,0;1;0;0,0.3038;0.0000;0.0703,0;9;0,53.93
4250,DJI_0412_frame_004250,3910.96,1:05:10,,0;1;0;0,0.2560;0.0000;0.1653,0;5;1,48.58
4375,DJI_0412_frame_004375,3915.96,1:05:15,,0;1;0;0,0.1741;0.0000;0.0655,0;2;1,55.13
4500,DJI_0412_frame_004500,3920.96,1:05:20,,1;0;0;0,0.1653;0.0000;0.0053,0;0;3,78.39
4625,DJI_0412_frame_004625,3925.96,1:05:25,,0;1;0;0,0.1855;0.0000;0.0637,0;2;1,55.61
4750,DJI_0412_frame_004750,3930.96,1:05:30,,0;1;0;0,0.0441;0.0000;0.3365,0;6;0,35.21
4875,DJI_0412_frame_004875,3935.96,1:05:35,,0;1;0;0,0.0787;0.0000;0.3138,0;6;0,37.5
5000,DJI_0412_frame_005000,3940.96,1:05:40,,1;0;0;0,0.2080;0.0000;0.1599,0;3;0,55.01
5125,DJI_0412_frame_005125,3945.96,1:05:45,,1;0;0;0,0.2949;0.0000;0.1011,0;1;0,70.98
5250,DJI_0412_frame_005250,3950.96,1:05:50,,1;0;0;0,0.1910;0.0000;0.2540,0;2;0,54.32
5375,DJI_0412_frame_005375,3955.96,1:05:55,,1;0;0;0,0.4419;0.0000;0.0228,0;0;0,98.68
5500,DJI_0412_frame_005500,3960.96,1:06:00,,1;0;0;0,0.6038;0.0000;0.0000,0;0;0,100.0
5625,DJI_0412_frame_005625,3965.96,1:06:05,,1;0;0;0,0.4509;0.0000;0.0000,0;0;0,100.0
5750,DJI_0412_frame_005750,3970.96,1:06:10,,1;0;0;0,0.4099;0.0000;0.0000,0;0;0,100.0
5875,DJI_0412_frame_005875,3975.96,1:06:15,,1;0;0;0,0.2316;0.0000;0.0000,0;0;0,100.0
6000,DJI_0412_frame_006000,3980.96,1:06:20,,1;0;0;0,0.2728;0.0000;0.0009,0;0;0,99.92
6125,DJI_0412_frame_006125,3985.96,1:06:25,,1;0;0;0,0.2430;0.0000;0.1931,0;0;0,88.05
6250,DJI_0412_frame_006250,3990.96,1:06:30,,1;0;0;0,0.1768;0.0000;0.0319,0;0;0,95.88
6375,DJI_0412_frame_006375,3995.96,1:06:35,,1;0;0;0,0.2943;0.0000;0.0000,0;0;0,100.0
6500,DJI_0412_frame_006500,4000.96,1:06:40,,1;0;0;0,0.3212;0.0000;0.0001,0;0;0,99.99
6625,DJI_0412_frame_006625,4005.96,1:06:45,,0;1;0;0,0.2599;0.0000;0.0000,0;0;0,94.0
6750,DJI_0412_frame_006750,4010.96,1:06:50,,1;0;0;0,0.1491;0.0000;0.0000,0;0;0,100.0
6875,DJI_0412_frame_006875,4015.96,1:06:55,,0;1;0;0,0.3319;0.0000;0.0000,0;0;0,94.0
7000,DJI_0412_frame_007000,4020.96,1:07:00,,0;1;0;0,0.3645;0.0000;0.0000,0;0;1,84.93
7125,DJI_0412_frame_007125,4025.96,1:07:05,,0;1;0;0,0.4012;0.0000;0.0000,0;0;0,94.0
7250,DJI_0412_frame_007250,4030.96,1:07:10,,0;1;0;0,0.3220;0.0000;0.0000,1;0;0,94.0
7375,DJI_0412_frame_007375,4035.96,1:07:15,,0;1;0;0,0.2130;0.0000;0.0000,0;0;0,94.0
7500,DJI_0412_frame_007500,4040.96,1:07:20,,1;0;0;0,0.2657;0.0000;0.0000,0;0;0,100.0
7625,DJI_0412_frame_007625,4045.96,1:07:25,,0;1;0;0,0.5476;0.0000;0.0007,0;0;0,93.96
7750,DJI_0412_frame_007750,4050.96,1:07:30,,0;1;0;0,0.3048;0.0000;0.0001,0;0;0,93.99
7875,DJI_0412_frame_007875,4055.96,1:07:35,,1;0;0;0,0.2947;0.0000;0.0006,0;0;0,99.94
8000,DJI_0412_frame_008000,4060.96,1:07:40,,0;1;0;0,0.3099;0.0000;0.0000,1;0;0,94.0
8125,DJI_0412_frame_008125,4065.96,1:07:45,,1;0;0;0,0.2611;0.0000;0.0000,0;0;0,100.0
8250,DJI_0412_frame_008250,4070.96,1:07:50,,1;0;0;0,0.2111;0.0000;0.0000,0;0;0,100.0
8375,DJI_0412_frame_008375,4075.96,1:07:55,,1;0;0;0,0.2602;0.0000;0.0000,0;0;0,100.0
8500,DJI_0412_frame_008500,4080.96,1:08:00,,0;1;0;0,0.2653;0.0000;0.0000,0;0;0,94.0
8625,DJI_0412_frame_008625,4085.96,1:08:05,,1;0;0;0,0.2292;0.0000;0.0000,0;0;0,100.0
8750,DJI_0412_frame_008750,4090.96,1:08:10,,0;1;0;0,0.1832;0.0000;0.0000,0;0;0,94.0
8875,DJI_0412_frame_008875,4095.96,1:08:15,,0;1;0;0,0.3251;0.0000;0.0000,0;0;0,94.0
9000,DJI_0412_frame_009000,4100.96,1:08:20,,0;1;0;0,0.3163;0.0000;0.0000,0;0;0,94.0
9125,DJI_0412_frame_009125,4105.96,1:08:25,,0;1;0;0,0.3084;0.0000;0.0000,0;0;0,94.0
9250,DJI_0412_frame_009250,4110.96,1:08:30,,0;1;0;0,0.3539;0.0000;0.0000,0;0;0,94.0
9375,DJI_0412_frame_009375,4115.96,1:08:35,,0;1;0;0,0.3187;0.0000;0.0000,0;0;0,94.0
9500,DJI_0412_frame_009500,4120.96,1:08:40,,0;1;0;0,0.2869;0.0000;0.0000,0;0;0,94.0
9625,DJI_0412_frame_009625,4125.96,1:08:45,,0;1;0;0,0.3024;0.0000;0.0000,0;0;0,94.0
9750,DJI_0412_frame_009750,4130.96,1:08:50,,1;0;0;0,0.3000;0.0000;0.0117,0;0;0,98.99
9875,DJI_0412_frame_009875,4135.96,1:08:55,,1;0;0;0,0.1172;0.0229;0.1094,0;0;0,88.16
10000,DJI_0412_frame_010000,4140.96,1:09:00,,1;0;0;0,0.3029;0.0000;0.0000,0;0;0,100.0
10125,DJI_0412_frame_010125,4145.96,1:09:05,,1;0;0;0,0.2484;0.0000;0.0000,0;0;0,100.0
10250,DJI_0412_frame_010250,4150.96,1:09:10,,0;1;0;0,0.3472;0.0000;0.0000,0;0;0,94.0
10375,DJI_0412_frame_010375,4155.96,1:09:15,,0;1;0;0,0.3425;0.0000;0.0000,0;0;0,94.0
10500,DJI_0412_frame_010500,4160.96,1:09:20,,0;1;0;0,0.3226;0.0000;0.0001,0;0;0,93.99
10625,DJI_0412_frame_010625,4165.96,1:09:25,,0;1;0;0,0.3337;0.0000;0.0000,0;0;0,94.0
10750,DJI_0412_frame_010750,4170.96,1:09:30,,0;1;0;0,0.3035;0.0000;0.0013,0;0;0,93.88
10875,DJI_0412_frame_010875,4175.96,1:09:35,,1;0;0;0,0.1293;0.0000;0.0000,0;0;0,100.0
11000,DJI_0412_frame_011000,4180.96,1:09:40,,1;0;0;0,0.2144;0.0000;0.0000,0;0;0,100.0
11125,DJI_0412_frame_011125,4185.96,1:09:45,,1;0;0;0,0.2228;0.0000;0.0000,0;0;0,100.0
11250,DJI_0412_frame_011250,4190.96,1:09:50,,1;0;0;0,0.2210;0.0000;0.0000,0;0;0,100.0
11375,DJI_0412_frame_011375,4195.96,1:09:55,,1;0;0;0,0.2452;0.0000;0.0000,0;0;0,100.0
11500,DJI_0412_frame_011500,4200.96,1:10:00,,0;1;0;0,0.3328;0.0000;0.0000,0;0;0,94.0
11625,DJI_0412_frame_011625,4205.96,1:10:05,,1;0;0;0,0.4155;0.0000;0.0000,0;0;0,100.0
11750,DJI_0412_frame_011750,4210.96,1:10:10,,1;0;0;0,0.2618;0.0000;0.0039,0;0;0,99.6
11875,DJI_0412_frame_011875,4215.96,1:10:15,,1;0;0;0,0.2346;0.0000;0.0063,0;0;0,99.3
12000,DJI_0412_frame_012000,4220.96,1:10:20,,1;0;0;0,0.2050;0.0000;0.0160,0;0;0,98.05
12125,DJI_0412_frame_012125,4225.96,1:10:25,,1;0;0;0,0.2766;0.0000;0.0519,0;0;0,95.73
12250,DJI_0412_frame_012250,4230.96,1:10:30,,1;0;0;0,0.1635;0.0000;0.0330,0;0;0,95.46
12375,DJI_0412_frame_012375,4235.96,1:10:35,,1;0;0;0,0.3150;0.0000;0.0000,0;0;0,100.0
12500,DJI_0412_frame_012500,4240.96,1:10:40,,1;0;0;0,0.2697;0.0000;0.0000,0;0;0,100.0
12625,DJI_0412_frame_012625,4245.96,1:10:45,,1;0;0;0,0.3419;0.0000;0.0015,0;0;0,99.88
12750,DJI_0412_frame_012750,4250.96,1:10:50,,1;0;0;0,0.5046;0.0000;0.0128,0;0;0,99.33
12875,DJI_0412_frame_012875,4255.96,1:10:55,,0;1;0;0,0.5203;0.0000;0.0000,0;0;0,94.0
13000,DJI_0412_frame_013000,4260.96,1:11:00,,1;0;0;0,0.4820;0.0000;0.0000,0;0;0,100.0
13125,DJI_0412_frame_013125,4265.96,1:11:05,,0;1;0;0,0.2667;0.0000;0.0000,0;0;0,94.0
13250,DJI_0412_frame_013250,4270.96,1:11:10,,0;1;0;0,0.2890;0.0000;0.0000,0;0;0,94.0
13375,DJI_0412_frame_013375,4275.96,1:11:15,,0;1;0;0,0.2922;0.0000;0.0000,0;0;0,94.0
13500,DJI_0412_frame_013500,4280.96,1:11:20,,0;1;0;0,0.2644;0.0000;0.0001,0;0;0,93.99
13625,DJI_0412_frame_013625,4285.96,1:11:25,,0;1;0;0,0.2747;0.0000;0.0010,0;0;0,93.9
13750,DJI_0412_frame_013750,4290.96,1:11:30,,0;1;0;0,0.2782;0.0000;0.0007,0;0;0,93.93
13875,DJI_0412_frame_013875,4295.96,1:11:35,,1;0;0;0,0.2975;0.0000;0.0000,0;0;0,100.0
14000,DJI_0412_frame_014000,4300.96,1:11:40,,1;0;0;0,0.3221;0.0000;0.0000,0;0;0,100.0
14125,DJI_0412_frame_014125,4305.96,1:11:45,,1;0;0;0,0.3098;0.0000;0.0000,0;0;0,100.0
14250,DJI_0412_frame_014250,4310.96,1:11:50,,1;0;0;0,0.2885;0.0000;0.0000,0;0;0,100.0
14375,DJI_0412_frame_014375,4315.96,1:11:55,,1;0;0;0,0.2915;0.0000;0.0001,0;0;0,99.99
14500,DJI_0412_frame_014500,4320.96,1:12:00,,1;0;0;0,0.3438;0.0000;0.0000,0;0;0,100.0
14625,DJI_0412_frame_014625,4325.96,1:12:05,,1;0;0;0,0.3466;0.0000;0.0000,0;0;0,100.0
14750,DJI_0412_frame_014750,4330.96,1:12:10,,0;0;1;0,0.3634;0.0000;0.0000,0;0;0,86.0
14875,DJI_0412_frame_014875,4335.96,1:12:15,,0;0;0;1,0.6160;0.0000;0.0000,0;0;0,82.0
15000,DJI_0412_frame_015000,4340.96,1:12:20,,0;0;0;1,0.5302;0.0000;0.0000,0;0;0,82.0
15125,DJI_0412_frame_015125,4345.96,1:12:25,,1;0;0;0,0.6942;0.0000;0.0185,0;1;0,77.18
15250,DJI_0412_frame_015250,4350.96,1:12:30,,1;0;0;0,0.6834;0.0000;0.0312,0;0;0,98.82
15375,DJI_0412_frame_015375,4355.96,1:12:35,,1;0;0;0,0.3633;0.0000;0.0000,0;0;0,100.0
15500,DJI_0412_frame_015500,4360.96,1:12:40,,1;0;0;0,0.4559;0.0000;0.0000,0;0;0,100.0
15625,DJI_0412_frame_015625,4365.96,1:12:45,,1;0;0;0,0.3972;0.0000;0.0000,0;0;0,100.0
15750,DJI_0412_frame_015750,4370.96,1:12:50,,1;0;0;0,0.6517;0.0000;0.0000,0;0;0,100.0
15875,DJI_0412_frame_015875,4375.96,1:12:55,,1;0;0;0,0.4761;0.0000;0.0335,0;1;0,76.1
16000,DJI_0412_frame_016000,4380.96,1:13:00,,1;0;0;0,0.6192;0.0000;0.0153,0;1;0,77.22
16125,DJI_0412_frame_016125,4385.96,1:13:05,,1;0;0;0,0.6988;0.0000;0.0031,0;0;0,99.88
16250,DJI_0412_frame_016250,4390.96,1:13:10,,1;0;0;0,0.7439;0.0000;0.0001,0;0;0,100.0
16375,DJI_0412_frame_016375,4395.96,1:13:15,,1;0;0;0,0.7231;0.0000;0.0000,0;0;0,100.0
16500,DJI_0412_frame_016500,4400.96,1:13:20,,1;0;0;0,0.7119;0.0000;0.0000,0;0;0,100.0
16625,DJI_0412_frame_016625,4405.96,1:13:25,,1;0;0;0,0.6904;0.0000;0.0000,0;1;0,77.88
16750,DJI_0412_frame_016750,4410.96,1:13:30,,0;1;0;0,0.5527;0.0000;0.0000,0;0;0,94.0
16875,DJI_0412_frame_016875,4415.96,1:13:35,,0;1;0;0,0.3070;0.0000;0.0168,0;8;0,57.61
17000,DJI_0412_frame_017000,4420.96,1:13:40,,0;1;0;0,0.1294;0.0000;0.0001,0;5;1,59.16
17125,DJI_0412_frame_017125,4425.96,1:13:45,,0;1;0;0,0.2202;0.0000;0.0001,0;0;1,84.92
17250,DJI_0412_frame_017250,4430.96,1:13:50,,1;0;0;0,0.3322;0.0000;0.0000,0;4;0,65.64
17375,DJI_0412_frame_017375,4435.96,1:13:55,,1;0;0;0,0.3109;0.0000;0.0464,0;9;0,61.5
17500,DJI_0412_frame_017500,4440.96,1:14:00,,1;0;0;0,0.2227;0.0000;0.0190,0;4;0,63.52
17625,DJI_0412_frame_017625,4445.96,1:14:05,,0;1;0;0,0.1364;0.0000;0.0364,0;6;0,53.4
17750,DJI_0412_frame_017750,4450.96,1:14:10,,0;1;0;0,0.2578;0.0000;0.0000,0;6;0,59.09
17875,DJI_0412_frame_017875,4455.96,1:14:15,,0;1;0;0,0.1271;0.0000;0.0426,0;3;2,53.18
18000,DJI_0412_frame_018000,4460.96,1:14:20,,0;1;0;0,0.2872;0.0000;0.0000,0;6;0,59.09
18125,DJI_0412_frame_018125,4465.96,1:14:25,,0;1;0;0,0.3983;0.0000;0.0000,0;0;0,94.0
18250,DJI_0412_frame_018250,4470.96,1:14:30,,1;0;0;0,0.1699;0.0000;0.0000,0;0;0,100.0
18375,DJI_0412_frame_018375,4475.96,1:14:35,,0;1;0;0,0.2502;0.0000;0.0228,0;0;0,91.75
18500,DJI_0412_frame_018500,4480.96,1:14:40,,0;1;0;0,0.3932;0.0000;0.0177,0;0;0,92.84
18625,DJI_0412_frame_018625,4485.96,1:14:45,,0;1;0;0,0.3265;0.0000;0.0262,0;0;0,92.0
18750,DJI_0412_frame_018750,4490.96,1:14:50,,0;1;0;0,0.1571;0.0000;0.0959,0;0;0,83.77
18875,DJI_0412_frame_018875,4495.96,1:14:55,,0;1;0;0,0.4160;0.0000;0.0325,0;0;0,92.04
19000,DJI_0412_frame_019000,4500.96,1:15:00,,0;1;0;0,0.3602;0.0000;0.0286,0;0;0,92.02
19125,DJI_0412_frame_019125,4505.96,1:15:05,,1;0;0;0,0.3958;0.0000;0.0478,0;0;0,97.09
19250,DJI_0412_frame_019250,4510.96,1:15:10,,1;0;0;0,0.4049;0.0000;0.0087,0;0;0,99.43
19375,DJI_0412_frame_019375,4515.96,1:15:15,,1;0;0;0,0.3513;0.0000;0.0000,1;0;0,100.0
19500,DJI_0412_frame_019500,4520.96,1:15:20,,1;0;0;0,0.3073;0.0000;0.1885,0;0;0,89.73
19625,DJI_0412_frame_019625,4525.96,1:15:25,,0;1;0;0,0.1898;0.0000;0.2197,0;2;0,49.25
19750,DJI_0412_frame_019750,4530.96,1:15:30,,1;0;0;0,0.3799;0.0000;0.0370,0;4;0,63.25
19875,DJI_0412_frame_019875,4535.96,1:15:35,,0;1;0;0,0.2355;0.0000;0.1528,0;7;0,48.41
20000,DJI_0412_frame_020000,4540.96,1:15:40,,0;1;0;0,0.1660;0.0000;0.1887,0;3;0,46.38
20125,DJI_0412_frame_020125,4545.96,1:15:45,,1;0;0;0,0.1346;0.0000;0.3129,0;1;0,59.0
20250,DJI_0412_frame_020250,4550.96,1:15:50,,0;1;0;0,0.0781;0.0000;0.3986,0;10;0,36.43
20375,DJI_0412_frame_020375,4555.96,1:15:55,,0;1;0;0,0.0687;0.0000;0.3203,0;9;0,36.77
20500,DJI_0412_frame_020500,4560.96,1:16:00,,1;0;0;0,0.2553;0.0000;0.2517,0;6;0,51.68
20625,DJI_0412_frame_020625,4565.96,1:16:05,,0;1;0;0,0.0000;0.0000;0.7075,0;0;0,67.0
20750,DJI_0412_frame_020750,4570.96,1:16:10,,1;0;0;0,0.0000;0.0000;0.8570,0;0;0,73.0
