filename,ride_id,frame_ts,lat,lon,vegetation,water,city,unsure,reject
DJI_0392_frame_00000.jpg,DJI_0392,0.0,,,1,0,0,0,0
DJI_0392_frame_00001.jpg,DJI_0392,1.0,,,1,0,0,0,0
DJI_0392_frame_00002.jpg,DJI_0392,2.0,,,1,0,0,0,0
DJI_0392_frame_00003.jpg,DJI_0392,3.0,,,1,0,0,0,0
DJI_0392_frame_00004.jpg,DJI_0392,4.0,,,1,0,0,0,0
DJI_0392_frame_00005.jpg,DJI_0392,5.0,,,0,0,1,0,0
DJI_0392_frame_00006.jpg,DJI_0392,6.0,,,0,0,1,1,0
DJI_0392_frame_00007.jpg,DJI_0392,7.0,,,0,0,1,1,0
DJI_0392_frame_00010.jpg,DJI_0392,10.0,,,0,0,1,0,0
DJI_0392_frame_00011.jpg,DJI_0392,11.0,,,0,0,1,0,0
DJI_0392_frame_00012.jpg,DJI_0392,12.0,,,0,0,1,0,0
DJI_0392_frame_00013.jpg,DJI_0392,13.0,,,1,0,1,0,0
DJI_0392_frame_00014.jpg,DJI_0392,14.0,,,1,0,1,0,0
DJI_0392_frame_00015.jpg,DJI_0392,15.0,,,0,0,1,1,0
DJI_0392_frame_00016.jpg,DJI_0392,16.0,,,0,0,1,0,0
DJI_0392_frame_00017.jpg,DJI_0392,17.0,,,0,0,1,0,0
DJI_0392_frame_00018.jpg,DJI_0392,18.0,,,0,0,1,1,0
DJI_0392_frame_00019.jpg,DJI_0392,19.0,,,0,0,1,0,0
DJI_0392_frame_00020.jpg,DJI_0392,20.0,,,0,0,1,1,0
DJI_0392_frame_00021.jpg,DJI_0392,21.0,,,1,0,1,0,0
DJI_0392_frame_00022.jpg,DJI_0392,22.0,,,1,0,1,0,0
DJI_0392_frame_00023.jpg,DJI_0392,23.0,,,1,0,0,0,0
DJI_0392_frame_00024.jpg,DJI_0392,24.0,,,1,0,0,0,0
DJI_0392_frame_00025.jpg,DJI_0392,25.0,,,1,0,0,0,0
DJI_0392_frame_00026.jpg,DJI_0392,26.0,,,1,1,0,0,0
DJI_0392_frame_00027.jpg,DJI_0392,27.0,,,1,0,0,0,0
DJI_0392_frame_00028.jpg,DJI_0392,28.0,,,1,0,0,0,0
DJI_0392_frame_00029.jpg,DJI_0392,29.0,,,1,1,0,0,0
DJI_0392_frame_00030.jpg,DJI_0392,30.0,,,1,1,0,0,0
DJI_0392_frame_00031.jpg,DJI_0392,31.0,,,1,1,0,0,0
DJI_0392_frame_00032.jpg,DJI_0392,32.0,,,1,0,0,0,0
DJI_0392_frame_00033.jpg,DJI_0392,33.0,,,1,0,0,0,0
DJI_0392_frame_00034.jpg,DJI_0392,34.0,,,1,0,0,0,0
DJI_0392_frame_00035.jpg,DJI_0392,35.0,,,1,0,0,0,0
DJI_0392_frame_00036.jpg,DJI_0392,36.0,,,1,0,0,0,0
DJI_0392_frame_00037.jpg,DJI_0392,37.0,,,1,0,0,0,0
DJI_0392_frame_00038.jpg,DJI_0392,38.0,,,1,0,0,0,0
DJI_0392_frame_00039.jpg,DJI_0392,39.0,,,1,0,0,0,0
DJI_0392_frame_00040.jpg,DJI_0392,40.0,,,1,0,0,0,0
DJI_0392_frame_00041.jpg,DJI_0392,41.0,,,1,0,0,0,0
DJI_0392_frame_00042.jpg,DJI_0392,42.0,,,1,0,0,0,0
DJI_0392_frame_00043.jpg,DJI_0392,43.0,,,1,0,0,0,0
DJI_0392_frame_00044.jpg,DJI_0392,44.0,,,1,0,0,0,0
DJI_0392_frame_00045.jpg,DJI_0392,45.0,,,1,0,0,0,0
DJI_0392_frame_00046.jpg,DJI_0392,46.0,,,1,0,0,0,0
DJI_0392_frame_00047.jpg,DJI_0392,47.0,,,1,0,0,0,0
DJI_0392_frame_00048.jpg,DJI_0392,48.0,,,1,0,0,0,0
DJI_0392_frame_00049.jpg,DJI_0392,49.0,,,1,0,0,0,0
DJI_0392_frame_00050.jpg,DJI_0392,50.0,,,1,0,0,0,0
DJI_0392_frame_00051.jpg,DJI_0392,51.0,,,1,0,0,0,0
DJI_0392_frame_00052.jpg,DJI_0392,52.0,,,1,0,1,0,0
DJI_0392_frame_00053.jpg,DJI_0392,53.0,,,1,0,0,0,0
DJI_0392_frame_00054.jpg,DJI_0392,54.0,,,1,0,0,0,0
DJI_0392_frame_00055.jpg,DJI_0392,55.0,,,1,0,0,0,0
DJI_0392_frame_00056.jpg,DJI_0392,56.0,,,1,0,0,0,0
DJI_0392_frame_00057.jpg,DJI_0392,57.0,,,1,0,0,0,0
DJI_0392_frame_00058.jpg,DJI_0392,58.0,,,1,0,0,0,0
DJI_0392_frame_00059.jpg,DJI_0392,59.0,,,1,0,0,0,0
DJI_0392_frame_00060.jpg,DJI_0392,60.0,,,1,0,0,0,0
DJI_0392_frame_00061.jpg,DJI_0392,61.0,,,1,0,0,0,0
DJI_0392_frame_00062.jpg,DJI_0392,62.0,,,1,0,0,0,0
DJI_0392_frame_00063.jpg,DJI_0392,63.0,,,1,0,0,0,0
DJI_0392_frame_00064.jpg,DJI_0392,64.0,,,1,0,0,0,0
DJI_0392_frame_00065.jpg,DJI_0392,65.0,,,1,0,0,0,0
DJI_0392_frame_00066.jpg,DJI_0392,66.0,,,1,0,0,0,0
DJI_0392_frame_00067.jpg,DJI_0392,67.0,,,1,0,0,0,0
DJI_0392_frame_00068.jpg,DJI_0392,68.0,,,1,0,0,0,0
DJI_0392_frame_00069.jpg,DJI_0392,69.0,,,1,0,0,0,0
DJI_0392_frame_00070.jpg,DJI_0392,70.0,,,1,0,0,0,0
DJI_0392_frame_00071.jpg,DJI_0392,71.0,,,1,0,0,0,0
DJI_0392_frame_00072.jpg,DJI_0392,72.0,,,1,0,1,0,0
DJI_0392_frame_00073.jpg,DJI_0392,73.0,,,1,0,1,0,0
DJI_0392_frame_00074.jpg,DJI_0392,74.0,,,0,0,1,0,0
DJI_0392_frame_00075.jpg,DJI_0392,75.0,,,1,0,1,0,0
DJI_0392_frame_00076.jpg,DJI_0392,76.0,,,0,0,1,0,0
DJI_0392_frame_00077.jpg,DJI_0392,77.0,,,0,0,1,0,0
DJI_0392_frame_00078.jpg,DJI_0392,78.0,,,0,0,1,0,0
DJI_0392_frame_00079.jpg,DJI_0392,79.0,,,0,0,1,0,0
DJI_0392_frame_00080.jpg,DJI_0392,80.0,,,1,0,1,0,0
DJI_0392_frame_00081.jpg,DJI_0392,81.0,,,1,0,1,1,0
DJI_0392_frame_00082.jpg,DJI_0392,82.0,,,1,0,0,0,0
DJI_0392_frame_00083.jpg,DJI_0392,83.0,,,1,0,0,0,0
DJI_0392_frame_00084.jpg,DJI_0392,84.0,,,1,0,0,0,0
DJI_0392_frame_00085.jpg,DJI_0392,85.0,,,1,0,0,0,0
DJI_0392_frame_00086.jpg,DJI_0392,86.0,,,1,0,0,0,0
DJI_0392_frame_00087.jpg,DJI_0392,87.0,,,1,0,0,0,0
DJI_0392_frame_00088.jpg,DJI_0392,88.0,,,1,0,0,0,0
DJI_0392_frame_00089.jpg,DJI_0392,89.0,,,1,0,0,0,0
DJI_0392_frame_00090.jpg,DJI_0392,90.0,,,1,0,0,0,0
DJI_0392_frame_00091.jpg,DJI_0392,91.0,,,1,0,0,0,0
DJI_0392_frame_00092.jpg,DJI_0392,92.0,,,1,0,0,0,0
DJI_0393_frame_00000.jpg,DJI_0393,0.0,,,1,0,0,0,0
DJI_0393_frame_00001.jpg,DJI_0393,1.0,,,1,0,0,0,0
DJI_0393_frame_00002.jpg,DJI_0393,2.0,,,1,0,0,0,0
DJI_0393_frame_00003.jpg,DJI_0393,3.0,,,1,0,0,0,0
DJI_0393_frame_00004.jpg,DJI_0393,4.0,,,1,0,0,0,0
DJI_0393_frame_00005.jpg,DJI_0393,5.0,,,1,0,0,0,0
DJI_0393_frame_00006.jpg,DJI_0393,6.0,,,1,0,0,0,0
DJI_0393_frame_00007.jpg,DJI_0393,7.0,,,1,0,0,0,0
DJI_0393_frame_00008.jpg,DJI_0393,8.0,,,1,0,0,0,0
DJI_0393_frame_00009.jpg,DJI_0393,9.0,,,1,0,0,0,0
DJI_0393_frame_00010.jpg,DJI_0393,10.0,,,1,0,0,0,0
DJI_0393_frame_00011.jpg,DJI_0393,11.0,,,1,0,0,0,0
DJI_0393_frame_00012.jpg,DJI_0393,12.0,,,1,0,0,0,0
DJI_0393_frame_00013.jpg,DJI_0393,13.0,,,1,0,0,0,0
DJI_0393_frame_00014.jpg,DJI_0393,14.0,,,0,0,1,0,0
DJI_0393_frame_00015.jpg,DJI_0393,15.0,,,1,0,0,0,0
DJI_0393_frame_00016.jpg,DJI_0393,16.0,,,1,0,0,0,0
DJI_0393_frame_00017.jpg,DJI_0393,17.0,,,1,0,0,0,0
DJI_0393_frame_00018.jpg,DJI_0393,18.0,,,1,0,0,0,0
DJI_0393_frame_00019.jpg,DJI_0393,19.0,,,1,0,0,0,0
DJI_0393_frame_00020.jpg,DJI_0393,20.0,,,1,0,0,0,0
DJI_0393_frame_00021.jpg,DJI_0393,21.0,,,1,0,0,0,0
DJI_0393_frame_00022.jpg,DJI_0393,22.0,,,1,0,0,0,0
DJI_0393_frame_00023.jpg,DJI_0393,23.0,,,1,0,0,0,0
DJI_0393_frame_00024.jpg,DJI_0393,24.0,,,1,0,0,0,0
DJI_0393_frame_00025.jpg,DJI_0393,25.0,,,1,0,0,0,0
DJI_0393_frame_00026.jpg,DJI_0393,26.0,,,1,0,0,0,0
DJI_0393_frame_00027.jpg,DJI_0393,27.0,,,1,0,0,0,0
DJI_0393_frame_00028.jpg,DJI_0393,28.0,,,1,0,0,0,0
DJI_0393_frame_00029.jpg,DJI_0393,29.0,,,1,0,0,0,0
DJI_0393_frame_00030.jpg,DJI_0393,30.0,,,1,0,0,0,0
DJI_0393_frame_00031.jpg,DJI_0393,31.0,,,1,0,0,0,0
DJI_0393_frame_00032.jpg,DJI_0393,32.0,,,1,0,0,0,0
DJI_0393_frame_00033.jpg,DJI_0393,33.0,,,1,0,0,0,0
DJI_0393_frame_00034.jpg,DJI_0393,34.0,,,1,0,0,0,0
DJI_0393_frame_00035.jpg,DJI_0393,35.0,,,1,1,0,0,0
DJI_0393_frame_00036.jpg,DJI_0393,36.0,,,1,0,0,0,0
DJI_0393_frame_00037.jpg,DJI_0393,37.0,,,1,0,0,0,0
DJI_0393_frame_00038.jpg,DJI_0393,38.0,,,1,0,0,0,0
DJI_0393_frame_00039.jpg,DJI_0393,39.0,,,1,0,0,0,0
DJI_0393_frame_00040.jpg,DJI_0393,40.0,,,1,0,0,0,0
DJI_0393_frame_00041.jpg,DJI_0393,41.0,,,1,1,0,0,0
DJI_0393_frame_00042.jpg,DJI_0393,42.0,,,1,0,0,0,0
DJI_0393_frame_00043.jpg,DJI_0393,43.0,,,1,0,0,0,0
DJI_0393_frame_00044.jpg,DJI_0393,44.0,,,1,1,0,0,0
DJI_0393_frame_00045.jpg,DJI_0393,45.0,,,1,0,0,0,0
DJI_0393_frame_00046.jpg,DJI_0393,46.0,,,1,1,0,0,0
DJI_0393_frame_00047.jpg,DJI_0393,47.0,,,1,1,0,0,0
DJI_0393_frame_00048.jpg,DJI_0393,48.0,,,1,1,0,0,0
DJI_0393_frame_00049.jpg,DJI_0393,49.0,,,1,0,0,0,0
DJI_0393_frame_00050.jpg,DJI_0393,50.0,,,1,0,0,0,0
DJI_0393_frame_00051.jpg,DJI_0393,51.0,,,1,0,0,0,0
DJI_0393_frame_00052.jpg,DJI_0393,52.0,,,1,0,0,0,0
DJI_0393_frame_00053.jpg,DJI_0393,53.0,,,1,0,0,0,0
DJI_0393_frame_00054.jpg,DJI_0393,54.0,,,1,0,0,0,0
DJI_0393_frame_00055.jpg,DJI_0393,55.0,,,1,0,0,0,0
DJI_0393_frame_00056.jpg,DJI_0393,56.0,,,1,0,0,0,0
DJI_0393_frame_00057.jpg,DJI_0393,57.0,,,1,0,0,0,0
DJI_0393_frame_00058.jpg,DJI_0393,58.0,,,1,0,0,0,0
DJI_0393_frame_00059.jpg,DJI_0393,59.0,,,1,0,0,0,0
DJI_0393_frame_00060.jpg,DJI_0393,60.0,,,1,0,0,0,0
DJI_0393_frame_00061.jpg,DJI_0393,61.0,,,1,0,1,0,0
DJI_0393_frame_00062.jpg,DJI_0393,62.0,,,1,0,1,0,0
DJI_0393_frame_00063.jpg,DJI_0393,63.0,,,1,0,0,1,0
DJI_0393_frame_00064.jpg,DJI_0393,64.0,,,1,0,0,1,0
DJI_0393_frame_00065.jpg,DJI_0393,65.0,,,1,0,0,1,0
DJI_0393_frame_00066.jpg,DJI_0393,66.0,,,1,0,0,1,0
DJI_0393_frame_00067.jpg,DJI_0393,67.0,,,0,0,1,0,0
DJI_0393_frame_00068.jpg,DJI_0393,68.0,,,0,0,1,0,0
DJI_0393_frame_00069.jpg,DJI_0393,69.0,,,0,0,1,1,0
DJI_0393_frame_00070.jpg,DJI_0393,70.0,,,0,0,1,0,0
DJI_0393_frame_00071.jpg,DJI_0393,71.0,,,0,0,1,0,0
DJI_0393_frame_00072.jpg,DJI_0393,72.0,,,0,0,1,0,0
DJI_0393_frame_00073.jpg,DJI_0393,73.0,,,1,0,1,0,0
DJI_0393_frame_00074.jpg,DJI_0393,74.0,,,1,0,1,0,0
DJI_0393_frame_00075.jpg,DJI_0393,75.0,,,0,0,1,0,0
DJI_0393_frame_00076.jpg,DJI_0393,76.0,,,0,0,1,0,0
DJI_0393_frame_00077.jpg,DJI_0393,77.0,,,0,0,1,0,0
DJI_0393_frame_00078.jpg,DJI_0393,78.0,,,0,0,1,0,0
DJI_0393_frame_00079.jpg,DJI_0393,79.0,,,0,0,1,0,0
DJI_0393_frame_00080.jpg,DJI_0393,80.0,,,0,0,1,0,0
DJI_0393_frame_00081.jpg,DJI_0393,81.0,,,0,0,1,0,0
DJI_0393_frame_00082.jpg,DJI_0393,82.0,,,0,0,1,0,0
DJI_0393_frame_00083.jpg,DJI_0393,83.0,,,0,0,1,0,0
DJI_0393_frame_00084.jpg,DJI_0393,84.0,,,0,0,1,0,0
DJI_0393_frame_00085.jpg,DJI_0393,85.0,,,1,0,1,0,0
DJI_0393_frame_00086.jpg,DJI_0393,86.0,,,1,0,1,0,0
DJI_0393_frame_00087.jpg,DJI_0393,87.0,,,1,0,0,0,0
DJI_0393_frame_00088.jpg,DJI_0393,88.0,,,1,1,0,0,0
DJI_0393_frame_00089.jpg,DJI_0393,89.0,,,1,0,0,0,0
DJI_0393_frame_00090.jpg,DJI_0393,90.0,,,1,1,0,0,0
DJI_0393_frame_00091.jpg,DJI_0393,91.0,,,1,1,0,0,0
DJI_0393_frame_00092.jpg,DJI_0393,92.0,,,1,0,0,0,0
DJI_0394_frame_00000.jpg,DJI_0394,0.0,,,1,0,0,0,0
DJI_0394_frame_00001.jpg,DJI_0394,1.0,,,1,0,0,0,0
DJI_0394_frame_00002.jpg,DJI_0394,2.0,,,1,0,0,0,0
DJI_0394_frame_00003.jpg,DJI_0394,3.0,,,1,0,0,0,0
DJI_0394_frame_00004.jpg,DJI_0394,4.0,,,1,0,0,0,0
DJI_0394_frame_00005.jpg,DJI_0394,5.0,,,1,0,0,0,0
DJI_0394_frame_00006.jpg,DJI_0394,6.0,,,1,0,0,0,0
DJI_0394_frame_00007.jpg,DJI_0394,7.0,,,1,1,0,0,0
DJI_0394_frame_00008.jpg,DJI_0394,8.0,,,1,1,0,0,0
DJI_0394_frame_00009.jpg,DJI_0394,9.0,,,1,0,0,0,0
DJI_0394_frame_00010.jpg,DJI_0394,10.0,,,1,0,0,0,0
DJI_0394_frame_00011.jpg,DJI_0394,11.0,,,1,0,0,0,0
DJI_0394_frame_00012.jpg,DJI_0394,12.0,,,1,1,0,0,0
DJI_0394_frame_00013.jpg,DJI_0394,13.0,,,1,0,0,0,0
DJI_0394_frame_00014.jpg,DJI_0394,14.0,,,1,0,0,0,0
DJI_0394_frame_00015.jpg,DJI_0394,15.0,,,1,0,0,0,0
DJI_0394_frame_00016.jpg,DJI_0394,16.0,,,1,1,0,0,0
DJI_0394_frame_00017.jpg,DJI_0394,17.0,,,1,1,0,0,0
DJI_0394_frame_00018.jpg,DJI_0394,18.0,,,1,1,0,0,0
DJI_0394_frame_00019.jpg,DJI_0394,19.0,,,1,0,0,0,0
DJI_0394_frame_00020.jpg,DJI_0394,20.0,,,1,0,0,0,0
DJI_0394_frame_00021.jpg,DJI_0394,21.0,,,1,0,0,0,0
DJI_0394_frame_00022.jpg,DJI_0394,22.0,,,1,0,0,0,0
DJI_0394_frame_00023.jpg,DJI_0394,23.0,,,1,0,0,0,0
DJI_0394_frame_00024.jpg,DJI_0394,24.0,,,1,0,0,0,0
DJI_0394_frame_00025.jpg,DJI_0394,25.0,,,1,0,0,0,0
DJI_0394_frame_00026.jpg,DJI_0394,26.0,,,1,0,0,0,0
DJI_0394_frame_00027.jpg,DJI_0394,27.0,,,1,0,0,0,0
DJI_0394_frame_00028.jpg,DJI_0394,28.0,,,1,0,0,0,0
DJI_0394_frame_00029.jpg,DJI_0394,29.0,,,1,0,0,0,0
DJI_0394_frame_00030.jpg,DJI_0394,30.0,,,1,0,0,0,0
DJI_0394_frame_00031.jpg,DJI_0394,31.0,,,1,0,0,0,0
DJI_0394_frame_00032.jpg,DJI_0394,32.0,,,1,0,0,0,0
DJI_0394_frame_00033.jpg,DJI_0394,33.0,,,1,0,0,0,0
DJI_0394_frame_00034.jpg,DJI_0394,34.0,,,1,0,0,0,0
DJI_0394_frame_00035.jpg,DJI_0394,35.0,,,1,0,0,0,0
DJI_0394_frame_00036.jpg,DJI_0394,36.0,,,1,0,0,0,0
DJI_0394_frame_00037.jpg,DJI_0394,37.0,,,1,0,0,0,0
DJI_0394_frame_00038.jpg,DJI_0394,38.0,,,1,0,0,0,0
DJI_0394_frame_00039.jpg,DJI_0394,39.0,,,1,0,0,0,0
DJI_0394_frame_00040.jpg,DJI_0394,40.0,,,1,0,0,0,0
DJI_0394_frame_00041.jpg,DJI_0394,41.0,,,1,0,0,0,0
DJI_0394_frame_00042.jpg,DJI_0394,42.0,,,1,0,0,0,0
DJI_0394_frame_00043.jpg,DJI_0394,43.0,,,1,1,0,0,0
DJI_0394_frame_00044.jpg,DJI_0394,44.0,,,1,0,0,0,0
DJI_0394_frame_00045.jpg,DJI_0394,45.0,,,1,0,0,0,0
DJI_0394_frame_00046.jpg,DJI_0394,46.0,,,1,0,0,0,0
DJI_0394_frame_00047.jpg,DJI_0394,47.0,,,1,0,0,0,0
DJI_0394_frame_00048.jpg,DJI_0394,48.0,,,1,0,0,0,0
DJI_0394_frame_00049.jpg,DJI_0394,49.0,,,1,0,0,0,0
DJI_0394_frame_00050.jpg,DJI_0394,50.0,,,1,0,0,0,0
DJI_0394_frame_00051.jpg,DJI_0394,51.0,,,1,1,0,0,0
DJI_0394_frame_00052.jpg,DJI_0394,52.0,,,1,1,0,0,0
DJI_0394_frame_00053.jpg,DJI_0394,53.0,,,1,1,0,0,0
DJI_0394_frame_00054.jpg,DJI_0394,54.0,,,1,0,0,0,0
DJI_0394_frame_00055.jpg,DJI_0394,55.0,,,1,0,0,0,0
DJI_0394_frame_00056.jpg,DJI_0394,56.0,,,1,0,0,0,0
DJI_0394_frame_00057.jpg,DJI_0394,57.0,,,1,0,0,0,0
DJI_0394_frame_00058.jpg,DJI_0394,58.0,,,1,0,0,0,0
DJI_0394_frame_00059.jpg,DJI_0394,59.0,,,1,0,0,0,0
DJI_0394_frame_00060.jpg,DJI_0394,60.0,,,1,0,0,0,0
DJI_0394_frame_00061.jpg,DJI_0394,61.0,,,1,0,0,0,0
DJI_0394_frame_00062.jpg,DJI_0394,62.0,,,1,0,0,0,0
DJI_0395_frame_00000.jpg,DJI_0395,0.0,,,1,0,0,0,0
DJI_0395_frame_00001.jpg,DJI_0395,1.0,,,1,0,0,0,0
DJI_0395_frame_00002.jpg,DJI_0395,2.0,,,1,0,0,1,0
DJI_0395_frame_00003.jpg,DJI_0395,3.0,,,1,0,0,1,0
DJI_0395_frame_00004.jpg,DJI_0395,4.0,,,0,0,1,0,0
DJI_0395_frame_00005.jpg,DJI_0395,5.0,,,0,0,1,0,0
DJI_0395_frame_00006.jpg,DJI_0395,6.0,,,0,0,1,0,0
DJI_0395_frame_00007.jpg,DJI_0395,7.0,,,0,0,1,0,0
DJI_0395_frame_00008.jpg,DJI_0395,8.0,,,0,0,1,0,0
DJI_0395_frame_00009.jpg,DJI_0395,9.0,,,1,0,1,0,0
DJI_0395_frame_00010.jpg,DJI_0395,10.0,,,0,0,1,0,0
DJI_0395_frame_00011.jpg,DJI_0395,11.0,,,0,0,1,0,0
DJI_0395_frame_00012.jpg,DJI_0395,12.0,,,0,0,1,0,0
DJI_0395_frame_00013.jpg,DJI_0395,13.0,,,0,0,1,0,0
DJI_0395_frame_00014.jpg,DJI_0395,14.0,,,0,0,1,0,0
DJI_0395_frame_00015.jpg,DJI_0395,15.0,,,0,0,1,1,0
DJI_0395_frame_00016.jpg,DJI_0395,16.0,,,1,0,1,0,0
DJI_0395_frame_00017.jpg,DJI_0395,17.0,,,1,0,1,0,0
DJI_0395_frame_00018.jpg,DJI_0395,18.0,,,0,0,1,0,0
DJI_0395_frame_00019.jpg,DJI_0395,19.0,,,0,0,1,1,0
DJI_0395_frame_00020.jpg,DJI_0395,20.0,,,0,0,1,0,0
DJI_0395_frame_00021.jpg,DJI_0395,21.0,,,0,0,1,0,0
DJI_0395_frame_00022.jpg,DJI_0395,22.0,,,0,0,1,0,0
DJI_0395_frame_00023.jpg,DJI_0395,23.0,,,0,0,1,0,0
DJI_0395_frame_00024.jpg,DJI_0395,24.0,,,0,0,1,0,0
DJI_0395_frame_00025.jpg,DJI_0395,25.0,,,0,0,1,0,0
DJI_0395_frame_00026.jpg,DJI_0395,26.0,,,1,0,1,0,0
DJI_0395_frame_00027.jpg,DJI_0395,27.0,,,1,0,1,0,0
DJI_0395_frame_00028.jpg,DJI_0395,28.0,,,1,0,0,0,0
DJI_0395_frame_00029.jpg,DJI_0395,29.0,,,1,0,0,0,0
DJI_0395_frame_00030.jpg,DJI_0395,30.0,,,1,0,0,0,0
DJI_0395_frame_00031.jpg,DJI_0395,31.0,,,1,0,0,0,0
DJI_0395_frame_00032.jpg,DJI_0395,32.0,,,1,0,0,0,0
DJI_0395_frame_00033.jpg,DJI_0395,33.0,,,1,0,0,0,0
DJI_0395_frame_00034.jpg,DJI_0395,34.0,,,1,0,0,0,0
DJI_0395_frame_00035.jpg,DJI_0395,35.0,,,1,0,0,0,0
DJI_0395_frame_00036.jpg,DJI_0395,36.0,,,1,0,0,0,0
DJI_0395_frame_00037.jpg,DJI_0395,37.0,,,1,0,0,0,0
DJI_0395_frame_00038.jpg,DJI_0395,38.0,,,1,0,0,0,0
DJI_0395_frame_00039.jpg,DJI_0395,39.0,,,1,0,0,0,0
DJI_0395_frame_00040.jpg,DJI_0395,40.0,,,1,0,0,0,0
DJI_0395_frame_00041.jpg,DJI_0395,41.0,,,1,0,0,0,0
DJI_0395_frame_00042.jpg,DJI_0395,42.0,,,1,0,0,0,0
DJI_0395_frame_00043.jpg,DJI_0395,43.0,,,1,0,0,0,0
DJI_0395_frame_00044.jpg,DJI_0395,44.0,,,1,0,0,0,0
DJI_0395_frame_00045.jpg,DJI_0395,45.0,,,1,0,0,0,0
DJI_0395_frame_00046.jpg,DJI_0395,46.0,,,1,0,0,0,0
DJI_0395_frame_00047.jpg,DJI_0395,47.0,,,1,0,0,0,0
DJI_0395_frame_00048.jpg,DJI_0395,48.0,,,1,0,0,0,0
DJI_0395_frame_00049.jpg,DJI_0395,49.0,,,1,0,0,0,0
DJI_0395_frame_00050.jpg,DJI_0395,50.0,,,1,0,0,0,0
DJI_0395_frame_00051.jpg,DJI_0395,51.0,,,1,0,0,0,0
DJI_0395_frame_00052.jpg,DJI_0395,52.0,,,1,0,0,0,0
DJI_0395_frame_00053.jpg,DJI_0395,53.0,,,1,0,0,0,0
DJI_0395_frame_00054.jpg,DJI_0395,54.0,,,1,0,0,0,0
DJI_0395_frame_00055.jpg,DJI_0395,55.0,,,1,0,0,0,0
DJI_0395_frame_00056.jpg,DJI_0395,56.0,,,1,0,0,0,0
DJI_0395_frame_00057.jpg,DJI_0395,57.0,,,1,0,0,0,0
DJI_0395_frame_00058.jpg,DJI_0395,58.0,,,1,0,0,0,0
DJI_0395_frame_00059.jpg,DJI_0395,59.0,,,1,0,0,0,0
DJI_0395_frame_00060.jpg,DJI_0395,60.0,,,1,0,0,0,0
DJI_0395_frame_00061.jpg,DJI_0395,61.0,,,1,0,0,0,0
DJI_0395_frame_00062.jpg,DJI_0395,62.0,,,1,0,0,0,0
DJI_0395_frame_00063.jpg,DJI_0395,63.0,,,1,0,0,0,0
DJI_0395_frame_00064.jpg,DJI_0395,64.0,,,1,0,0,0,0
DJI_0395_frame_00065.jpg,DJI_0395,65.0,,,1,0,0,0,0
DJI_0395_frame_00066.jpg,DJI_0395,66.0,,,1,0,0,0,0
DJI_0395_frame_00067.jpg,DJI_0395,67.0,,,1,0,0,0,0
DJI_0395_frame_00068.jpg,DJI_0395,68.0,,,1,0,0,0,0
DJI_0395_frame_00069.jpg,DJI_0395,69.0,,,1,0,0,0,0
DJI_0395_frame_00070.jpg,DJI_0395,70.0,,,1,0,0,0,0
DJI_0395_frame_00071.jpg,DJI_0395,71.0,,,1,0,0,0,0
DJI_0395_frame_00072.jpg,DJI_0395,72.0,,,1,0,0,0,0
DJI_0395_frame_00073.jpg,DJI_0395,73.0,,,1,0,0,0,0
DJI_0395_frame_00074.jpg,DJI_0395,74.0,,,1,0,0,0,0
DJI_0395_frame_00075.jpg,DJI_0395,75.0,,,1,0,0,0,0
DJI_0395_frame_00076.jpg,DJI_0395,76.0,,,1,0,0,0,0
DJI_0395_frame_00077.jpg,DJI_0395,77.0,,,1,0,0,0,0
DJI_0395_frame_00078.jpg,DJI_0395,78.0,,,1,0,0,0,0
DJI_0395_frame_00079.jpg,DJI_0395,79.0,,,1,0,0,0,0
DJI_0395_frame_00080.jpg,DJI_0395,80.0,,,1,0,0,0,0
DJI_0395_frame_00081.jpg,DJI_0395,81.0,,,1,0,0,0,0
DJI_0395_frame_00082.jpg,DJI_0395,82.0,,,1,0,0,0,0
DJI_0395_frame_00083.jpg,DJI_0395,83.0,,,1,0,0,0,0
DJI_0395_frame_00084.jpg,DJI_0395,84.0,,,1,0,0,0,0
DJI_0395_frame_00085.jpg,DJI_0395,85.0,,,1,0,0,0,0
DJI_0395_frame_00086.jpg,DJI_0395,86.0,,,1,0,0,0,0
DJI_0395_frame_00087.jpg,DJI_0395,87.0,,,1,0,0,0,0
DJI_0395_frame_00088.jpg,DJI_0395,88.0,,,1,0,0,0,0
DJI_0395_frame_00089.jpg,DJI_0395,89.0,,,1,0,0,0,0
DJI_0395_frame_00090.jpg,DJI_0395,90.0,,,1,0,0,0,0
DJI_0395_frame_00091.jpg,DJI_0395,91.0,,,1,0,0,0,0
DJI_0395_frame_00092.jpg,DJI_0395,92.0,,,1,0,0,0,0
DJI_0396_frame_00000.jpg,DJI_0396,0.0,,,1,0,0,0,0
DJI_0396_frame_00001.jpg,DJI_0396,1.0,,,1,0,0,0,0
DJI_0396_frame_00002.jpg,DJI_0396,2.0,,,1,0,0,0,0
DJI_0396_frame_00003.jpg,DJI_0396,3.0,,,1,0,0,0,0
DJI_0396_frame_00004.jpg,DJI_0396,4.0,,,1,0,0,0,0
DJI_0396_frame_00005.jpg,DJI_0396,5.0,,,1,0,0,0,0
DJI_0396_frame_00006.jpg,DJI_0396,6.0,,,1,0,0,0,0
DJI_0396_frame_00007.jpg,DJI_0396,7.0,,,1,0,0,0,0
DJI_0396_frame_00008.jpg,DJI_0396,8.0,,,1,0,0,0,0
DJI_0396_frame_00009.jpg,DJI_0396,9.0,,,1,0,0,0,0
DJI_0396_frame_00010.jpg,DJI_0396,10.0,,,1,0,0,0,0
DJI_0396_frame_00011.jpg,DJI_0396,11.0,,,1,0,0,0,0
DJI_0396_frame_00012.jpg,DJI_0396,12.0,,,1,0,0,0,0
DJI_0396_frame_00013.jpg,DJI_0396,13.0,,,1,0,0,0,0
DJI_0396_frame_00014.jpg,DJI_0396,14.0,,,1,0,0,0,0
DJI_0396_frame_00015.jpg,DJI_0396,15.0,,,1,0,0,0,0
DJI_0396_frame_00016.jpg,DJI_0396,16.0,,,1,0,0,0,0
DJI_0396_frame_00017.jpg,DJI_0396,17.0,,,1,0,0,0,0
DJI_0396_frame_00018.jpg,DJI_0396,18.0,,,1,0,0,0,0
DJI_0396_frame_00019.jpg,DJI_0396,19.0,,,1,0,0,0,0
DJI_0396_frame_00020.jpg,DJI_0396,20.0,,,1,0,0,0,0
DJI_0396_frame_00021.jpg,DJI_0396,21.0,,,1,0,0,0,0
DJI_0396_frame_00022.jpg,DJI_0396,22.0,,,1,0,0,0,0
DJI_0396_frame_00023.jpg,DJI_0396,23.0,,,1,0,0,0,0
DJI_0396_frame_00024.jpg,DJI_0396,24.0,,,1,0,0,0,0
DJI_0396_frame_00025.jpg,DJI_0396,25.0,,,1,0,0,0,0
DJI_0396_frame_00026.jpg,DJI_0396,26.0,,,1,0,0,0,0
DJI_0396_frame_00027.jpg,DJI_0396,27.0,,,1,0,0,0,0
DJI_0396_frame_00028.jpg,DJI_0396,28.0,,,1,0,0,0,0
DJI_0396_frame_00029.jpg,DJI_0396,29.0,,,1,0,0,0,0
DJI_0396_frame_00030.jpg,DJI_0396,30.0,,,1,0,0,0,0
DJI_0396_frame_00031.jpg,DJI_0396,31.0,,,1,0,0,0,0
DJI_0396_frame_00032.jpg,DJI_0396,32.0,,,1,0,0,0,0
DJI_0396_frame_00033.jpg,DJI_0396,33.0,,,1,0,0,0,0
DJI_0396_frame_00034.jpg,DJI_0396,34.0,,,1,0,0,0,0
DJI_0396_frame_00035.jpg,DJI_0396,35.0,,,1,0,0,0,0
DJI_0396_frame_00036.jpg,DJI_0396,36.0,,,1,0,0,0,0
DJI_0396_frame_00037.jpg,DJI_0396,37.0,,,1,0,0,0,0
DJI_0396_frame_00038.jpg,DJI_0396,38.0,,,1,0,0,0,0
DJI_0396_frame_00039.jpg,DJI_0396,39.0,,,1,0,0,0,0
DJI_0396_frame_00040.jpg,DJI_0396,40.0,,,1,0,0,0,0
DJI_0396_frame_00041.jpg,DJI_0396,41.0,,,1,0,0,0,0
DJI_0396_frame_00042.jpg,DJI_0396,42.0,,,1,0,0,0,0
DJI_0396_frame_00043.jpg,DJI_0396,43.0,,,1,0,0,0,0
DJI_0396_frame_00044.jpg,DJI_0396,44.0,,,1,0,0,0,0
DJI_0396_frame_00045.jpg,DJI_0396,45.0,,,1,0,0,0,0
DJI_0396_frame_00046.jpg,DJI_0396,46.0,,,1,0,0,0,0
DJI_0396_frame_00047.jpg,DJI_0396,47.0,,,1,0,1,0,0
DJI_0396_frame_00048.jpg,DJI_0396,48.0,,,1,0,0,0,0
DJI_0396_frame_00049.jpg,DJI_0396,49.0,,,1,0,0,1,0
DJI_0396_frame_00050.jpg,DJI_0396,50.0,,,0,0,1,0,0
DJI_0396_frame_00051.jpg,DJI_0396,51.0,,,0,0,1,0,0
DJI_0396_frame_00052.jpg,DJI_0396,52.0,,,0,0,1,0,0
DJI_0396_frame_00053.jpg,DJI_0396,53.0,,,0,0,1,0,0
DJI_0396_frame_00054.jpg,DJI_0396,54.0,,,0,0,1,0,0
DJI_0396_frame_00055.jpg,DJI_0396,55.0,,,0,0,1,0,0
DJI_0396_frame_00056.jpg,DJI_0396,56.0,,,0,0,1,0,0
DJI_0396_frame_00057.jpg,DJI_0396,57.0,,,0,0,1,0,0
DJI_0396_frame_00058.jpg,DJI_0396,58.0,,,0,0,1,0,0
DJI_0396_frame_00059.jpg,DJI_0396,59.0,,,0,0,1,0,0
DJI_0396_frame_00060.jpg,DJI_0396,60.0,,,0,0,1,0,0
DJI_0396_frame_00061.jpg,DJI_0396,61.0,,,0,0,1,0,0
DJI_0396_frame_00062.jpg,DJI_0396,62.0,,,0,0,1,0,0
DJI_0396_frame_00063.jpg,DJI_0396,63.0,,,0,0,1,0,0
DJI_0396_frame_00064.jpg,DJI_0396,64.0,,,1,0,0,0,0
DJI_0396_frame_00065.jpg,DJI_0396,65.0,,,1,0,0,0,0
DJI_0396_frame_00066.jpg,DJI_0396,66.0,,,1,0,0,0,0
DJI_0396_frame_00067.jpg,DJI_0396,67.0,,,1,0,0,0,0
DJI_0396_frame_00068.jpg,DJI_0396,68.0,,,1,0,0,0,0
DJI_0396_frame_00069.jpg,DJI_0396,69.0,,,1,0,0,0,0
DJI_0396_frame_00070.jpg,DJI_0396,70.0,,,1,0,0,0,0
DJI_0396_frame_00071.jpg,DJI_0396,71.0,,,1,0,0,0,0
DJI_0396_frame_00072.jpg,DJI_0396,72.0,,,1,0,0,0,0
DJI_0396_frame_00073.jpg,DJI_0396,73.0,,,1,0,0,0,0
DJI_0396_frame_00074.jpg,DJI_0396,74.0,,,1,0,0,0,0
DJI_0396_frame_00075.jpg,DJI_0396,75.0,,,1,0,0,0,0
DJI_0396_frame_00076.jpg,DJI_0396,76.0,,,1,0,0,0,0
DJI_0396_frame_00077.jpg,DJI_0396,77.0,,,1,0,0,0,0
DJI_0396_frame_00078.jpg,DJI_0396,78.0,,,1,1,0,0,0
DJI_0396_frame_00079.jpg,DJI_0396,79.0,,,1,0,0,0,0
DJI_0396_frame_00080.jpg,DJI_0396,80.0,,,1,0,0,0,0
DJI_0396_frame_00081.jpg,DJI_0396,81.0,,,1,0,0,0,0
DJI_0396_frame_00082.jpg,DJI_0396,82.0,,,1,0,0,0,0
DJI_0396_frame_00083.jpg,DJI_0396,83.0,,,1,0,0,0,0
DJI_0396_frame_00084.jpg,DJI_0396,84.0,,,1,0,0,0,0
DJI_0396_frame_00085.jpg,DJI_0396,85.0,,,1,0,0,0,0
DJI_0396_frame_00086.jpg,DJI_0396,86.0,,,1,0,0,0,0
DJI_0396_frame_00087.jpg,DJI_0396,87.0,,,1,0,0,0,0
DJI_0396_frame_00088.jpg,DJI_0396,88.0,,,1,0,0,0,0
DJI_0396_frame_00089.jpg,DJI_0396,89.0,,,1,0,0,0,0
DJI_0396_frame_00090.jpg,DJI_0396,90.0,,,1,0,0,0,0
DJI_0396_frame_00091.jpg,DJI_0396,91.0,,,1,0,0,0,0
DJI_0396_frame_00092.jpg,DJI_0396,92.0,,,1,0,0,0,0
DJI_0397_frame_00000.jpg,DJI_0397,0.0,,,1,0,0,0,0
DJI_0397_frame_00001.jpg,DJI_0397,1.0,,,1,0,0,0,0
DJI_0397_frame_00002.jpg,DJI_0397,2.0,,,1,0,0,0,0
DJI_0397_frame_00003.jpg,DJI_0397,3.0,,,1,0,0,0,0
DJI_0397_frame_00004.jpg,DJI_0397,4.0,,,1,0,0,0,0
DJI_0397_frame_00005.jpg,DJI_0397,5.0,,,1,0,0,0,0
DJI_0397_frame_00006.jpg,DJI_0397,6.0,,,1,0,0,0,0
DJI_0397_frame_00007.jpg,DJI_0397,7.0,,,1,0,0,0,0
DJI_0397_frame_00008.jpg,DJI_0397,8.0,,,1,0,0,0,1
DJI_0397_frame_00009.jpg,DJI_0397,9.0,,,1,0,0,0,1
DJI_0397_frame_00010.jpg,DJI_0397,10.0,,,1,0,0,0,0
DJI_0397_frame_00011.jpg,DJI_0397,11.0,,,1,0,0,0,0
DJI_0397_frame_00012.jpg,DJI_0397,12.0,,,1,0,0,0,0
DJI_0397_frame_00013.jpg,DJI_0397,13.0,,,1,0,0,0,0
DJI_0397_frame_00014.jpg,DJI_0397,14.0,,,1,0,0,0,0
DJI_0397_frame_00015.jpg,DJI_0397,15.0,,,1,0,0,0,0
DJI_0397_frame_00016.jpg,DJI_0397,16.0,,,1,0,0,0,0
DJI_0397_frame_00017.jpg,DJI_0397,17.0,,,1,0,0,0,0
DJI_0397_frame_00018.jpg,DJI_0397,18.0,,,1,0,0,0,0
DJI_0397_frame_00019.jpg,DJI_0397,19.0,,,1,0,0,0,0
DJI_0397_frame_00020.jpg,DJI_0397,20.0,,,1,0,0,0,0
DJI_0397_frame_00021.jpg,DJI_0397,21.0,,,1,0,0,0,0
DJI_0397_frame_00022.jpg,DJI_0397,22.0,,,1,0,0,0,0
DJI_0397_frame_00023.jpg,DJI_0397,23.0,,,1,0,0,0,0
DJI_0397_frame_00024.jpg,DJI_0397,24.0,,,1,0,0,0,0
DJI_0397_frame_00025.jpg,DJI_0397,25.0,,,1,0,0,0,0
DJI_0397_frame_00026.jpg,DJI_0397,26.0,,,1,0,0,0,0
DJI_0397_frame_00027.jpg,DJI_0397,27.0,,,1,0,0,0,0
DJI_0397_frame_00028.jpg,DJI_0397,28.0,,,1,0,0,0,0
DJI_0397_frame_00029.jpg,DJI_0397,29.0,,,1,0,0,0,0
DJI_0397_frame_00030.jpg,DJI_0397,30.0,,,1,0,0,0,0
DJI_0397_frame_00031.jpg,DJI_0397,31.0,,,1,0,0,0,0
DJI_0397_frame_00032.jpg,DJI_0397,32.0,,,1,0,0,0,0
DJI_0398_frame_00000.jpg,DJI_0398,0.0,,,1,0,0,0,0
DJI_0398_frame_00001.jpg,DJI_0398,1.0,,,1,0,0,0,0
DJI_0398_frame_00002.jpg,DJI_0398,2.0,,,1,0,0,0,0
DJI_0398_frame_00003.jpg,DJI_0398,3.0,,,1,0,0,0,0
DJI_0398_frame_00004.jpg,DJI_0398,4.0,,,1,0,0,0,0
DJI_0398_frame_00005.jpg,DJI_0398,5.0,,,1,0,0,0,0
DJI_0398_frame_00006.jpg,DJI_0398,6.0,,,1,0,0,0,0
DJI_0398_frame_00007.jpg,DJI_0398,7.0,,,1,0,0,0,0
DJI_0398_frame_00008.jpg,DJI_0398,8.0,,,1,0,0,0,0
DJI_0398_frame_00009.jpg,DJI_0398,9.0,,,1,0,0,0,0
DJI_0398_frame_00010.jpg,DJI_0398,10.0,,,1,0,0,0,0
DJI_0398_frame_00011.jpg,DJI_0398,11.0,,,1,0,0,0,0
DJI_0398_frame_00012.jpg,DJI_0398,12.0,,,1,0,0,0,0
DJI_0398_frame_00013.jpg,DJI_0398,13.0,,,1,0,0,0,0
DJI_0398_frame_00014.jpg,DJI_0398,14.0,,,1,0,0,0,0
DJI_0398_frame_00015.jpg,DJI_0398,15.0,,,1,0,0,0,0
DJI_0398_frame_00016.jpg,DJI_0398,16.0,,,1,0,0,0,0
DJI_0398_frame_00017.jpg,DJI_0398,17.0,,,1,0,0,0,0
DJI_0398_frame_00018.jpg,DJI_0398,18.0,,,1,0,0,0,0
DJI_0398_frame_00019.jpg,DJI_0398,19.0,,,1,0,1,0,0
DJI_0398_frame_00020.jpg,DJI_0398,20.0,,,1,0,1,0,0
DJI_0398_frame_00021.jpg,DJI_0398,21.0,,,0,0,1,0,0
DJI_0398_frame_00022.jpg,DJI_0398,22.0,,,1,0,0,0,0
DJI_0398_frame_00023.jpg,DJI_0398,23.0,,,1,0,0,0,0
DJI_0398_frame_00024.jpg,DJI_0398,24.0,,,0,0,1,0,0
DJI_0398_frame_00025.jpg,DJI_0398,25.0,,,0,0,1,0,0
DJI_0398_frame_00026.jpg,DJI_0398,26.0,,,0,0,1,0,0
DJI_0398_frame_00027.jpg,DJI_0398,27.0,,,0,0,1,0,0
DJI_0398_frame_00028.jpg,DJI_0398,28.0,,,0,0,1,0,0
DJI_0398_frame_00029.jpg,DJI_0398,29.0,,,1,0,0,0,0
DJI_0398_frame_00030.jpg,DJI_0398,30.0,,,1,0,0,0,0
DJI_0398_frame_00031.jpg,DJI_0398,31.0,,,1,0,0,0,0
DJI_0398_frame_00032.jpg,DJI_0398,32.0,,,1,0,0,0,0
DJI_0398_frame_00033.jpg,DJI_0398,33.0,,,1,0,0,0,0
DJI_0398_frame_00034.jpg,DJI_0398,34.0,,,1,0,0,0,0
DJI_0398_frame_00035.jpg,DJI_0398,35.0,,,1,0,0,0,0
DJI_0398_frame_00036.jpg,DJI_0398,36.0,,,1,0,0,0,0
DJI_0398_frame_00037.jpg,DJI_0398,37.0,,,1,0,0,0,0
DJI_0398_frame_00038.jpg,DJI_0398,38.0,,,1,0,0,0,0
DJI_0398_frame_00039.jpg,DJI_0398,39.0,,,1,0,0,0,0
DJI_0398_frame_00040.jpg,DJI_0398,40.0,,,1,0,0,0,0
DJI_0398_frame_00041.jpg,DJI_0398,41.0,,,1,0,0,0,0
DJI_0398_frame_00042.jpg,DJI_0398,42.0,,,1,0,0,0,0
DJI_0398_frame_00043.jpg,DJI_0398,43.0,,,1,0,0,0,0
DJI_0398_frame_00044.jpg,DJI_0398,44.0,,,1,0,0,0,0
DJI_0398_frame_00045.jpg,DJI_0398,45.0,,,1,0,0,0,0
DJI_0398_frame_00046.jpg,DJI_0398,46.0,,,1,0,0,0,0
DJI_0398_frame_00047.jpg,DJI_0398,47.0,,,1,0,0,0,0
DJI_0398_frame_00048.jpg,DJI_0398,48.0,,,1,0,0,0,0
DJI_0398_frame_00049.jpg,DJI_0398,49.0,,,1,0,0,0,0
DJI_0398_frame_00050.jpg,DJI_0398,50.0,,,1,0,0,0,0
DJI_0398_frame_00051.jpg,DJI_0398,51.0,,,1,0,0,0,0
DJI_0398_frame_00052.jpg,DJI_0398,52.0,,,1,0,0,0,0
DJI_0398_frame_00053.jpg,DJI_0398,53.0,,,1,0,0,0,0
DJI_0398_frame_00054.jpg,DJI_0398,54.0,,,1,0,0,0,0
DJI_0398_frame_00055.jpg,DJI_0398,55.0,,,1,0,0,0,0
DJI_0398_frame_00056.jpg,DJI_0398,56.0,,,1,0,0,0,0
DJI_0398_frame_00057.jpg,DJI_0398,57.0,,,1,0,0,0,0
DJI_0398_frame_00058.jpg,DJI_0398,58.0,,,1,0,0,0,0
DJI_0398_frame_00059.jpg,DJI_0398,59.0,,,1,1,0,0,0
DJI_0398_frame_00060.jpg,DJI_0398,60.0,,,1,1,0,0,0
DJI_0398_frame_00061.jpg,DJI_0398,61.0,,,1,0,0,0,0
DJI_0398_frame_00062.jpg,DJI_0398,62.0,,,1,0,0,0,0
DJI_0398_frame_00063.jpg,DJI_0398,63.0,,,1,0,0,0,0
DJI_0398_frame_00064.jpg,DJI_0398,64.0,,,1,0,0,0,0
DJI_0398_frame_00065.jpg,DJI_0398,65.0,,,1,0,0,0,0
DJI_0398_frame_00066.jpg,DJI_0398,66.0,,,1,0,0,0,0
DJI_0398_frame_00067.jpg,DJI_0398,67.0,,,1,1,0,0,0
DJI_0398_frame_00068.jpg,DJI_0398,68.0,,,0,1,0,0,0
DJI_0398_frame_00069.jpg,DJI_0398,69.0,,,1,0,0,0,0
DJI_0398_frame_00070.jpg,DJI_0398,70.0,,,1,0,0,0,0
DJI_0398_frame_00071.jpg,DJI_0398,71.0,,,1,0,0,0,0
DJI_0398_frame_00072.jpg,DJI_0398,72.0,,,0,1,0,0,0
DJI_0398_frame_00073.jpg,DJI_0398,73.0,,,1,0,0,0,0
DJI_0398_frame_00074.jpg,DJI_0398,74.0,,,1,0,0,0,0
DJI_0398_frame_00075.jpg,DJI_0398,75.0,,,1,0,0,0,0
DJI_0398_frame_00076.jpg,DJI_0398,76.0,,,1,0,0,0,0
DJI_0398_frame_00077.jpg,DJI_0398,77.0,,,0,1,0,0,0
DJI_0398_frame_00078.jpg,DJI_0398,78.0,,,1,0,0,0,0
DJI_0398_frame_00079.jpg,DJI_0398,79.0,,,1,0,0,0,0
DJI_0398_frame_00080.jpg,DJI_0398,80.0,,,1,0,0,0,0
DJI_0398_frame_00081.jpg,DJI_0398,81.0,,,1,0,0,0,0
DJI_0398_frame_00082.jpg,DJI_0398,82.0,,,1,0,0,0,0
DJI_0398_frame_00083.jpg,DJI_0398,83.0,,,1,0,0,0,0
DJI_0398_frame_00084.jpg,DJI_0398,84.0,,,1,0,0,0,0
DJI_0398_frame_00085.jpg,DJI_0398,85.0,,,1,0,0,0,0
DJI_0398_frame_00086.jpg,DJI_0398,86.0,,,1,0,0,0,0
DJI_0398_frame_00087.jpg,DJI_0398,87.0,,,1,0,0,0,0
DJI_0398_frame_00088.jpg,DJI_0398,88.0,,,1,0,0,0,0
DJI_0398_frame_00089.jpg,DJI_0398,89.0,,,1,0,0,0,0
DJI_0398_frame_00090.jpg,DJI_0398,90.0,,,1,0,0,0,0
DJI_0398_frame_00091.jpg,DJI_0398,91.0,,,1,0,0,0,0
DJI_0398_frame_00092.jpg,DJI_0398,92.0,,,1,0,0,0,0
DJI_0399_frame_00000.jpg,DJI_0399,0.0,,,1,0,0,0,0
DJI_0399_frame_00001.jpg,DJI_0399,1.0,,,1,0,0,0,0
DJI_0399_frame_00002.jpg,DJI_0399,2.0,,,1,0,0,0,0
DJI_0399_frame_00003.jpg,DJI_0399,3.0,,,1,0,0,0,0
DJI_0399_frame_00004.jpg,DJI_0399,4.0,,,1,0,0,0,0
DJI_0399_frame_00005.jpg,DJI_0399,5.0,,,1,0,0,0,0
DJI_0399_frame_00006.jpg,DJI_0399,6.0,,,1,0,0,0,0
DJI_0399_frame_00007.jpg,DJI_0399,7.0,,,1,0,0,0,0
DJI_0399_frame_00008.jpg,DJI_0399,8.0,,,1,0,0,0,0
DJI_0399_frame_00009.jpg,DJI_0399,9.0,,,1,0,0,0,0
DJI_0399_frame_00010.jpg,DJI_0399,10.0,,,1,0,0,0,0
DJI_0399_frame_00011.jpg,DJI_0399,11.0,,,1,0,0,0,0
DJI_0399_frame_00012.jpg,DJI_0399,12.0,,,1,0,0,0,0
DJI_0399_frame_00013.jpg,DJI_0399,13.0,,,1,0,0,0,0
DJI_0399_frame_00014.jpg,DJI_0399,14.0,,,1,0,0,0,0
DJI_0399_frame_00015.jpg,DJI_0399,15.0,,,1,0,0,0,0
DJI_0399_frame_00016.jpg,DJI_0399,16.0,,,1,0,0,0,0
DJI_0399_frame_00017.jpg,DJI_0399,17.0,,,1,0,0,0,0
DJI_0399_frame_00018.jpg,DJI_0399,18.0,,,1,0,0,0,0
DJI_0399_frame_00019.jpg,DJI_0399,19.0,,,1,0,0,0,0
DJI_0399_frame_00020.jpg,DJI_0399,20.0,,,1,0,0,0,0
DJI_0399_frame_00021.jpg,DJI_0399,21.0,,,1,0,1,0,0
DJI_0399_frame_00022.jpg,DJI_0399,22.0,,,1,0,1,0,0
DJI_0399_frame_00023.jpg,DJI_0399,23.0,,,1,0,1,0,0
DJI_0399_frame_00024.jpg,DJI_0399,24.0,,,1,0,1,0,0
DJI_0399_frame_00025.jpg,DJI_0399,25.0,,,1,0,1,0,0
DJI_0399_frame_00026.jpg,DJI_0399,26.0,,,0,0,1,0,0
DJI_0399_frame_00027.jpg,DJI_0399,27.0,,,0,0,1,0,0
DJI_0399_frame_00028.jpg,DJI_0399,28.0,,,0,0,1,0,0
DJI_0399_frame_00029.jpg,DJI_0399,29.0,,,1,0,0,0,0
DJI_0399_frame_00030.jpg,DJI_0399,30.0,,,1,0,0,0,0
DJI_0399_frame_00031.jpg,DJI_0399,31.0,,,1,0,0,0,0
DJI_0399_frame_00032.jpg,DJI_0399,32.0,,,1,0,0,0,0
DJI_0399_frame_00033.jpg,DJI_0399,33.0,,,1,0,0,0,0
DJI_0399_frame_00034.jpg,DJI_0399,34.0,,,1,0,0,0,0
DJI_0399_frame_00035.jpg,DJI_0399,35.0,,,1,0,0,0,0
DJI_0399_frame_00036.jpg,DJI_0399,36.0,,,1,0,0,0,0
DJI_0399_frame_00037.jpg,DJI_0399,37.0,,,1,0,0,0,0
DJI_0399_frame_00038.jpg,DJI_0399,38.0,,,1,0,0,0,0
DJI_0399_frame_00039.jpg,DJI_0399,39.0,,,1,0,0,0,0
DJI_0399_frame_00040.jpg,DJI_0399,40.0,,,1,0,0,0,0
DJI_0399_frame_00041.jpg,DJI_0399,41.0,,,1,0,1,0,0
DJI_0399_frame_00042.jpg,DJI_0399,42.0,,,1,0,1,0,0
DJI_0399_frame_00043.jpg,DJI_0399,43.0,,,0,0,1,0,0
DJI_0399_frame_00044.jpg,DJI_0399,44.0,,,1,0,0,0,0
DJI_0399_frame_00045.jpg,DJI_0399,45.0,,,1,0,1,0,0
DJI_0399_frame_00046.jpg,DJI_0399,46.0,,,1,0,1,1,0
DJI_0399_frame_00047.jpg,DJI_0399,47.0,,,1,0,0,0,0
DJI_0399_frame_00048.jpg,DJI_0399,48.0,,,1,0,0,0,0
DJI_0399_frame_00049.jpg,DJI_0399,49.0,,,1,0,0,0,0
DJI_0399_frame_00050.jpg,DJI_0399,50.0,,,1,0,0,0,0
DJI_0399_frame_00051.jpg,DJI_0399,51.0,,,1,0,0,0,0
DJI_0399_frame_00052.jpg,DJI_0399,52.0,,,1,0,0,1,0
DJI_0399_frame_00053.jpg,DJI_0399,53.0,,,1,0,0,0,0
DJI_0399_frame_00054.jpg,DJI_0399,54.0,,,1,0,0,0,0
DJI_0399_frame_00055.jpg,DJI_0399,55.0,,,1,0,1,0,0
DJI_0399_frame_00056.jpg,DJI_0399,56.0,,,1,0,0,1,0
DJI_0399_frame_00057.jpg,DJI_0399,57.0,,,1,0,0,1,0
DJI_0399_frame_00058.jpg,DJI_0399,58.0,,,1,0,0,1,0
DJI_0399_frame_00059.jpg,DJI_0399,59.0,,,1,0,0,0,0
DJI_0399_frame_00060.jpg,DJI_0399,60.0,,,1,0,0,0,0
DJI_0399_frame_00061.jpg,DJI_0399,61.0,,,1,0,0,0,0
DJI_0399_frame_00062.jpg,DJI_0399,62.0,,,1,0,0,0,0
DJI_0399_frame_00063.jpg,DJI_0399,63.0,,,1,0,0,0,0
DJI_0399_frame_00064.jpg,DJI_0399,64.0,,,1,0,0,0,0
DJI_0399_frame_00065.jpg,DJI_0399,65.0,,,1,0,0,0,0
DJI_0399_frame_00066.jpg,DJI_0399,66.0,,,1,0,0,0,0
DJI_0399_frame_00067.jpg,DJI_0399,67.0,,,1,0,0,0,0
DJI_0399_frame_00068.jpg,DJI_0399,68.0,,,1,0,0,0,0
DJI_0399_frame_00069.jpg,DJI_0399,69.0,,,1,0,0,0,0
DJI_0399_frame_00070.jpg,DJI_0399,70.0,,,1,0,0,0,0
DJI_0399_frame_00071.jpg,DJI_0399,71.0,,,1,0,0,0,0
DJI_0399_frame_00072.jpg,DJI_0399,72.0,,,1,0,0,0,0
DJI_0399_frame_00073.jpg,DJI_0399,73.0,,,1,0,0,0,0
DJI_0399_frame_00074.jpg,DJI_0399,74.0,,,1,0,0,0,0
DJI_0399_frame_00075.jpg,DJI_0399,75.0,,,1,0,0,0,0
DJI_0399_frame_00076.jpg,DJI_0399,76.0,,,1,0,0,0,0
DJI_0399_frame_00077.jpg,DJI_0399,77.0,,,1,0,0,0,0
DJI_0399_frame_00078.jpg,DJI_0399,78.0,,,1,0,0,0,0
DJI_0399_frame_00079.jpg,DJI_0399,79.0,,,1,0,0,0,0
DJI_0399_frame_00080.jpg,DJI_0399,80.0,,,1,0,0,0,0
DJI_0399_frame_00081.jpg,DJI_0399,81.0,,,1,0,0,0,0
DJI_0399_frame_00082.jpg,DJI_0399,82.0,,,1,0,0,0,0
DJI_0399_frame_00083.jpg,DJI_0399,83.0,,,1,0,0,0,0
DJI_0399_frame_00084.jpg,DJI_0399,84.0,,,1,0,0,0,0
DJI_0399_frame_00085.jpg,DJI_0399,85.0,,,1,0,0,0,0
DJI_0399_frame_00086.jpg,DJI_0399,86.0,,,1,0,0,0,0
DJI_0399_frame_00087.jpg,DJI_0399,87.0,,,1,0,0,0,0
DJI_0399_frame_00088.jpg,DJI_0399,88.0,,,1,0,0,0,0
DJI_0399_frame_00089.jpg,DJI_0399,89.0,,,1,0,0,0,0
DJI_0399_frame_00090.jpg,DJI_0399,90.0,,,1,0,0,0,0
DJI_0399_frame_00091.jpg,DJI_0399,91.0,,,1,0,0,0,0
DJI_0399_frame_00092.jpg,DJI_0399,92.0,,,1,0,0,0,0
DJI_0399_frame_00093.jpg,DJI_0399,93.0,,,1,0,0,0,0
DJI_0400_frame_00000.jpg,DJI_0400,0.0,,,1,0,0,0,0
DJI_0400_frame_00001.jpg,DJI_0400,1.0,,,1,0,1,0,0
DJI_0400_frame_00002.jpg,DJI_0400,2.0,,,1,0,1,0,0
DJI_0400_frame_00003.jpg,DJI_0400,3.0,,,1,0,1,1,0
DJI_0400_frame_00004.jpg,DJI_0400,4.0,,,1,0,1,1,0
DJI_0400_frame_00005.jpg,DJI_0400,5.0,,,1,0,1,0,0
DJI_0400_frame_00006.jpg,DJI_0400,6.0,,,1,0,1,0,0
DJI_0400_frame_00007.jpg,DJI_0400,7.0,,,0,0,1,0,0
DJI_0400_frame_00008.jpg,DJI_0400,8.0,,,1,0,1,0,0
DJI_0400_frame_00009.jpg,DJI_0400,9.0,,,1,0,1,1,0
DJI_0400_frame_00010.jpg,DJI_0400,10.0,,,1,0,0,0,0
DJI_0400_frame_00011.jpg,DJI_0400,11.0,,,1,0,0,0,0
DJI_0400_frame_00012.jpg,DJI_0400,12.0,,,1,0,0,0,0
DJI_0400_frame_00013.jpg,DJI_0400,13.0,,,1,0,0,0,0
DJI_0400_frame_00014.jpg,DJI_0400,14.0,,,1,0,0,0,0
DJI_0400_frame_00015.jpg,DJI_0400,15.0,,,1,0,0,0,0
DJI_0400_frame_00016.jpg,DJI_0400,16.0,,,1,0,0,0,0
DJI_0400_frame_00017.jpg,DJI_0400,17.0,,,1,0,0,0,0
DJI_0400_frame_00018.jpg,DJI_0400,18.0,,,1,0,0,0,0
DJI_0400_frame_00019.jpg,DJI_0400,19.0,,,1,0,0,0,0
DJI_0400_frame_00020.jpg,DJI_0400,20.0,,,1,0,0,0,0
DJI_0400_frame_00021.jpg,DJI_0400,21.0,,,1,0,0,0,0
DJI_0400_frame_00022.jpg,DJI_0400,22.0,,,1,0,0,0,0
DJI_0400_frame_00023.jpg,DJI_0400,23.0,,,1,0,0,0,0
DJI_0400_frame_00024.jpg,DJI_0400,24.0,,,1,0,0,0,0
DJI_0400_frame_00025.jpg,DJI_0400,25.0,,,1,0,0,0,0
DJI_0400_frame_00026.jpg,DJI_0400,26.0,,,1,0,0,0,0
DJI_0400_frame_00027.jpg,DJI_0400,27.0,,,1,0,0,0,0
DJI_0400_frame_00028.jpg,DJI_0400,28.0,,,1,0,0,0,0
DJI_0400_frame_00029.jpg,DJI_0400,29.0,,,1,0,0,0,0
DJI_0400_frame_00030.jpg,DJI_0400,30.0,,,1,0,0,0,0
DJI_0400_frame_00031.jpg,DJI_0400,31.0,,,1,0,0,0,0
DJI_0400_frame_00032.jpg,DJI_0400,32.0,,,1,0,0,0,0
DJI_0400_frame_00033.jpg,DJI_0400,33.0,,,1,0,1,1,0
DJI_0400_frame_00034.jpg,DJI_0400,34.0,,,1,0,1,1,0
DJI_0400_frame_00035.jpg,DJI_0400,35.0,,,1,0,0,0,0
DJI_0400_frame_00036.jpg,DJI_0400,36.0,,,1,0,0,0,0
DJI_0400_frame_00037.jpg,DJI_0400,37.0,,,1,0,0,0,0
DJI_0400_frame_00038.jpg,DJI_0400,38.0,,,0,0,1,0,0
DJI_0400_frame_00039.jpg,DJI_0400,39.0,,,1,0,0,0,0
DJI_0400_frame_00040.jpg,DJI_0400,40.0,,,1,0,0,0,0
DJI_0400_frame_00041.jpg,DJI_0400,41.0,,,1,0,0,0,0
DJI_0400_frame_00042.jpg,DJI_0400,42.0,,,1,0,0,0,0
DJI_0400_frame_00043.jpg,DJI_0400,43.0,,,1,0,0,0,0
DJI_0400_frame_00044.jpg,DJI_0400,44.0,,,1,0,0,0,0
DJI_0400_frame_00045.jpg,DJI_0400,45.0,,,1,0,0,0,0
DJI_0400_frame_00046.jpg,DJI_0400,46.0,,,1,0,0,0,0
DJI_0400_frame_00047.jpg,DJI_0400,47.0,,,1,0,0,0,0
DJI_0400_frame_00048.jpg,DJI_0400,48.0,,,1,0,0,0,0
DJI_0400_frame_00049.jpg,DJI_0400,49.0,,,1,0,0,0,0
DJI_0400_frame_00050.jpg,DJI_0400,50.0,,,1,0,0,0,0
DJI_0400_frame_00051.jpg,DJI_0400,51.0,,,1,0,0,0,0
DJI_0400_frame_00052.jpg,DJI_0400,52.0,,,1,0,0,0,0
DJI_0400_frame_00053.jpg,DJI_0400,53.0,,,1,0,0,0,0
DJI_0400_frame_00054.jpg,DJI_0400,54.0,,,1,0,0,0,0
DJI_0400_frame_00055.jpg,DJI_0400,55.0,,,1,0,0,0,0
DJI_0400_frame_00056.jpg,DJI_0400,56.0,,,1,0,0,0,0
DJI_0400_frame_00057.jpg,DJI_0400,57.0,,,1,0,0,0,0
DJI_0400_frame_00058.jpg,DJI_0400,58.0,,,1,0,0,0,0
DJI_0400_frame_00059.jpg,DJI_0400,59.0,,,0,1,0,0,0
DJI_0400_frame_00060.jpg,DJI_0400,60.0,,,1,0,0,0,0
DJI_0400_frame_00061.jpg,DJI_0400,61.0,,,1,0,0,0,0
DJI_0400_frame_00062.jpg,DJI_0400,62.0,,,1,0,0,0,0
DJI_0400_frame_00063.jpg,DJI_0400,63.0,,,1,0,0,1,0
DJI_0400_frame_00064.jpg,DJI_0400,64.0,,,1,0,0,0,0
DJI_0400_frame_00065.jpg,DJI_0400,65.0,,,1,0,0,0,0
DJI_0400_frame_00066.jpg,DJI_0400,66.0,,,1,0,0,0,0
DJI_0400_frame_00067.jpg,DJI_0400,67.0,,,1,0,0,0,0
DJI_0400_frame_00068.jpg,DJI_0400,68.0,,,1,0,0,0,0
DJI_0400_frame_00069.jpg,DJI_0400,69.0,,,1,0,0,0,0
DJI_0400_frame_00070.jpg,DJI_0400,70.0,,,1,0,0,0,0
DJI_0400_frame_00071.jpg,DJI_0400,71.0,,,1,0,0,0,0
DJI_0400_frame_00072.jpg,DJI_0400,72.0,,,1,0,0,0,0
DJI_0400_frame_00073.jpg,DJI_0400,73.0,,,1,0,0,0,0
DJI_0400_frame_00074.jpg,DJI_0400,74.0,,,1,0,0,0,0
DJI_0400_frame_00075.jpg,DJI_0400,75.0,,,1,0,0,0,0
DJI_0400_frame_00076.jpg,DJI_0400,76.0,,,1,0,0,0,0
DJI_0400_frame_00077.jpg,DJI_0400,77.0,,,1,0,0,1,0
DJI_0400_frame_00078.jpg,DJI_0400,78.0,,,1,0,0,0,0
DJI_0400_frame_00079.jpg,DJI_0400,79.0,,,1,0,0,0,0
DJI_0400_frame_00080.jpg,DJI_0400,80.0,,,1,0,0,0,0
DJI_0400_frame_00081.jpg,DJI_0400,81.0,,,1,0,0,0,0
DJI_0400_frame_00082.jpg,DJI_0400,82.0,,,1,0,0,0,0
DJI_0400_frame_00083.jpg,DJI_0400,83.0,,,1,0,0,0,0
DJI_0400_frame_00084.jpg,DJI_0400,84.0,,,1,0,0,0,0
DJI_0400_frame_00085.jpg,DJI_0400,85.0,,,1,0,0,0,0
DJI_0400_frame_00086.jpg,DJI_0400,86.0,,,1,0,0,0,0
DJI_0400_frame_00087.jpg,DJI_0400,87.0,,,0,1,0,0,0
DJI_0400_frame_00088.jpg,DJI_0400,88.0,,,1,0,0,0,0
DJI_0400_frame_00089.jpg,DJI_0400,89.0,,,1,0,0,0,0
DJI_0400_frame_00090.jpg,DJI_0400,90.0,,,1,0,0,0,0
DJI_0400_frame_00091.jpg,DJI_0400,91.0,,,1,0,0,0,0
DJI_0400_frame_00092.jpg,DJI_0400,92.0,,,1,0,0,0,0
DJI_0400_frame_00093.jpg,DJI_0400,93.0,,,1,0,0,0,0
DJI_0401_frame_00000.jpg,DJI_0401,0.0,,,1,0,0,0,0
DJI_0401_frame_00001.jpg,DJI_0401,1.0,,,1,0,0,0,0
DJI_0401_frame_00002.jpg,DJI_0401,2.0,,,0,1,0,0,0
DJI_0401_frame_00003.jpg,DJI_0401,3.0,,,1,0,0,0,0
DJI_0401_frame_00004.jpg,DJI_0401,4.0,,,1,0,0,0,0
DJI_0401_frame_00005.jpg,DJI_0401,5.0,,,1,0,0,0,0
DJI_0401_frame_00006.jpg,DJI_0401,6.0,,,1,0,0,0,0
DJI_0401_frame_00007.jpg,DJI_0401,7.0,,,1,0,0,0,0
DJI_0401_frame_00008.jpg,DJI_0401,8.0,,,1,0,0,0,0
DJI_0401_frame_00009.jpg,DJI_0401,9.0,,,1,0,0,0,0
DJI_0401_frame_00010.jpg,DJI_0401,10.0,,,1,0,0,0,0
DJI_0401_frame_00011.jpg,DJI_0401,11.0,,,0,1,0,0,0
DJI_0401_frame_00012.jpg,DJI_0401,12.0,,,1,0,0,0,0
DJI_0401_frame_00013.jpg,DJI_0401,13.0,,,1,0,0,0,0
DJI_0401_frame_00014.jpg,DJI_0401,14.0,,,1,0,0,0,0
DJI_0401_frame_00015.jpg,DJI_0401,15.0,,,1,0,0,0,0
DJI_0401_frame_00016.jpg,DJI_0401,16.0,,,1,0,0,0,0
DJI_0401_frame_00017.jpg,DJI_0401,17.0,,,1,0,0,0,0
DJI_0401_frame_00018.jpg,DJI_0401,18.0,,,1,0,0,0,0
DJI_0401_frame_00019.jpg,DJI_0401,19.0,,,1,0,0,0,0
DJI_0401_frame_00020.jpg,DJI_0401,20.0,,,1,0,0,0,0
DJI_0401_frame_00021.jpg,DJI_0401,21.0,,,1,0,0,0,0
DJI_0401_frame_00022.jpg,DJI_0401,22.0,,,1,0,0,0,0
DJI_0401_frame_00023.jpg,DJI_0401,23.0,,,1,0,0,0,0
DJI_0401_frame_00024.jpg,DJI_0401,24.0,,,1,0,0,0,0
DJI_0401_frame_00025.jpg,DJI_0401,25.0,,,1,0,0,0,0
DJI_0401_frame_00026.jpg,DJI_0401,26.0,,,1,0,0,0,0
DJI_0401_frame_00027.jpg,DJI_0401,27.0,,,1,0,0,0,0
DJI_0401_frame_00028.jpg,DJI_0401,28.0,,,1,0,0,1,0
DJI_0401_frame_00029.jpg,DJI_0401,29.0,,,1,0,0,0,0
DJI_0401_frame_00030.jpg,DJI_0401,30.0,,,1,0,0,0,0
DJI_0401_frame_00031.jpg,DJI_0401,31.0,,,1,0,0,0,0
DJI_0401_frame_00032.jpg,DJI_0401,32.0,,,1,0,0,0,0
DJI_0401_frame_00033.jpg,DJI_0401,33.0,,,1,0,0,0,0
DJI_0401_frame_00034.jpg,DJI_0401,34.0,,,1,0,0,0,0
DJI_0401_frame_00035.jpg,DJI_0401,35.0,,,1,0,0,0,0
DJI_0401_frame_00036.jpg,DJI_0401,36.0,,,1,0,0,0,0
DJI_0401_frame_00037.jpg,DJI_0401,37.0,,,1,0,0,1,0
DJI_0401_frame_00038.jpg,DJI_0401,38.0,,,1,0,0,1,0
DJI_0401_frame_00039.jpg,DJI_0401,39.0,,,1,0,0,1,0
DJI_0401_frame_00040.jpg,DJI_0401,40.0,,,1,0,0,1,0
DJI_0401_frame_00041.jpg,DJI_0401,41.0,,,1,0,0,1,0
DJI_0401_frame_00042.jpg,DJI_0401,42.0,,,1,0,0,1,0
DJI_0401_frame_00043.jpg,DJI_0401,43.0,,,1,0,0,1,0
DJI_0401_frame_00044.jpg,DJI_0401,44.0,,,1,0,0,1,0
DJI_0401_frame_00045.jpg,DJI_0401,45.0,,,1,0,0,0,0
DJI_0401_frame_00046.jpg,DJI_0401,46.0,,,1,0,0,0,0
DJI_0401_frame_00047.jpg,DJI_0401,47.0,,,1,0,0,0,0
DJI_0401_frame_00048.jpg,DJI_0401,48.0,,,1,0,0,1,0
DJI_0401_frame_00049.jpg,DJI_0401,49.0,,,1,0,0,0,0
DJI_0401_frame_00050.jpg,DJI_0401,50.0,,,1,0,0,0,0
DJI_0401_frame_00051.jpg,DJI_0401,51.0,,,1,0,0,0,0
DJI_0401_frame_00052.jpg,DJI_0401,52.0,,,1,0,0,1,0
DJI_0401_frame_00053.jpg,DJI_0401,53.0,,,1,0,0,1,0
DJI_0401_frame_00054.jpg,DJI_0401,54.0,,,1,0,0,1,0
DJI_0401_frame_00055.jpg,DJI_0401,55.0,,,1,0,0,0,0
DJI_0401_frame_00056.jpg,DJI_0401,56.0,,,1,0,0,0,0
DJI_0401_frame_00057.jpg,DJI_0401,57.0,,,1,0,0,0,0
DJI_0401_frame_00058.jpg,DJI_0401,58.0,,,1,0,0,0,0
DJI_0401_frame_00059.jpg,DJI_0401,59.0,,,1,1,0,0,0
DJI_0401_frame_00060.jpg,DJI_0401,60.0,,,1,0,0,0,0
DJI_0401_frame_00061.jpg,DJI_0401,61.0,,,1,0,0,0,0
DJI_0401_frame_00062.jpg,DJI_0401,62.0,,,1,0,0,0,0
DJI_0401_frame_00063.jpg,DJI_0401,63.0,,,1,0,0,0,0
DJI_0401_frame_00064.jpg,DJI_0401,64.0,,,1,0,0,0,0
DJI_0401_frame_00065.jpg,DJI_0401,65.0,,,1,0,1,0,0
DJI_0401_frame_00066.jpg,DJI_0401,66.0,,,1,0,1,0,0
DJI_0401_frame_00067.jpg,DJI_0401,67.0,,,1,0,0,0,0
DJI_0401_frame_00068.jpg,DJI_0401,68.0,,,1,1,0,0,0
DJI_0401_frame_00069.jpg,DJI_0401,69.0,,,1,0,0,0,0
DJI_0401_frame_00070.jpg,DJI_0401,70.0,,,1,0,0,0,0
DJI_0401_frame_00071.jpg,DJI_0401,71.0,,,1,0,0,0,0
DJI_0401_frame_00072.jpg,DJI_0401,72.0,,,1,0,0,0,0
DJI_0401_frame_00073.jpg,DJI_0401,73.0,,,1,0,0,0,0
DJI_0401_frame_00074.jpg,DJI_0401,74.0,,,1,0,0,0,0
DJI_0401_frame_00075.jpg,DJI_0401,75.0,,,1,0,0,1,0
DJI_0401_frame_00076.jpg,DJI_0401,76.0,,,1,0,0,1,0
DJI_0401_frame_00077.jpg,DJI_0401,77.0,,,1,0,0,0,0
DJI_0401_frame_00078.jpg,DJI_0401,78.0,,,1,0,0,0,0
DJI_0401_frame_00079.jpg,DJI_0401,79.0,,,1,0,0,0,0
DJI_0401_frame_00080.jpg,DJI_0401,80.0,,,1,0,0,0,0
DJI_0401_frame_00081.jpg,DJI_0401,81.0,,,1,0,0,0,0
DJI_0401_frame_00082.jpg,DJI_0401,82.0,,,1,0,1,0,0
DJI_0401_frame_00083.jpg,DJI_0401,83.0,,,1,0,1,0,0
DJI_0401_frame_00084.jpg,DJI_0401,84.0,,,1,0,1,0,0
DJI_0401_frame_00085.jpg,DJI_0401,85.0,,,1,0,1,0,0
DJI_0401_frame_00086.jpg,DJI_0401,86.0,,,1,0,1,0,0
DJI_0401_frame_00087.jpg,DJI_0401,87.0,,,1,0,1,0,0
DJI_0401_frame_00088.jpg,DJI_0401,88.0,,,1,0,1,0,0
DJI_0401_frame_00089.jpg,DJI_0401,89.0,,,1,0,1,0,0
DJI_0401_frame_00090.jpg,DJI_0401,90.0,,,1,0,1,0,0
DJI_0401_frame_00091.jpg,DJI_0401,91.0,,,1,0,1,0,0
DJI_0401_frame_00092.jpg,DJI_0401,92.0,,,1,0,1,0,0
DJI_0401_frame_00093.jpg,DJI_0401,93.0,,,1,0,1,0,0
DJI_0402_frame_00000.jpg,DJI_0402,0.0,,,1,0,1,0,0
DJI_0402_frame_00001.jpg,DJI_0402,1.0,,,1,0,1,0,0
DJI_0402_frame_00002.jpg,DJI_0402,2.0,,,1,0,0,0,0
DJI_0402_frame_00003.jpg,DJI_0402,3.0,,,1,1,0,0,0
DJI_0402_frame_00004.jpg,DJI_0402,4.0,,,1,0,0,0,0
DJI_0402_frame_00005.jpg,DJI_0402,5.0,,,1,0,0,0,0
DJI_0402_frame_00006.jpg,DJI_0402,6.0,,,1,1,0,0,0
DJI_0402_frame_00007.jpg,DJI_0402,7.0,,,1,0,0,1,0
DJI_0402_frame_00008.jpg,DJI_0402,8.0,,,0,1,0,1,0
DJI_0402_frame_00009.jpg,DJI_0402,9.0,,,1,0,0,0,0
DJI_0402_frame_00010.jpg,DJI_0402,10.0,,,1,0,0,1,0
DJI_0402_frame_00011.jpg,DJI_0402,11.0,,,1,0,0,0,0
DJI_0402_frame_00012.jpg,DJI_0402,12.0,,,1,0,0,0,0
DJI_0402_frame_00013.jpg,DJI_0402,13.0,,,1,0,0,0,0
DJI_0402_frame_00014.jpg,DJI_0402,14.0,,,1,0,0,0,0
DJI_0402_frame_00015.jpg,DJI_0402,15.0,,,1,0,0,0,0
DJI_0402_frame_00016.jpg,DJI_0402,16.0,,,1,0,0,0,0
DJI_0402_frame_00017.jpg,DJI_0402,17.0,,,1,0,0,0,0
DJI_0402_frame_00018.jpg,DJI_0402,18.0,,,1,0,0,0,0
DJI_0402_frame_00019.jpg,DJI_0402,19.0,,,1,0,0,0,0
DJI_0402_frame_00020.jpg,DJI_0402,20.0,,,1,0,0,0,0
DJI_0402_frame_00021.jpg,DJI_0402,21.0,,,1,1,0,0,0
DJI_0402_frame_00022.jpg,DJI_0402,22.0,,,1,0,0,1,0
DJI_0402_frame_00023.jpg,DJI_0402,23.0,,,1,0,0,0,0
DJI_0402_frame_00024.jpg,DJI_0402,24.0,,,1,0,0,1,0
DJI_0402_frame_00025.jpg,DJI_0402,25.0,,,0,1,0,0,0
DJI_0402_frame_00026.jpg,DJI_0402,26.0,,,1,0,0,0,0
DJI_0402_frame_00027.jpg,DJI_0402,27.0,,,1,0,0,0,0
DJI_0402_frame_00028.jpg,DJI_0402,28.0,,,1,0,0,0,0
DJI_0402_frame_00029.jpg,DJI_0402,29.0,,,1,0,0,0,0
DJI_0402_frame_00030.jpg,DJI_0402,30.0,,,1,0,0,0,0
DJI_0402_frame_00031.jpg,DJI_0402,31.0,,,1,0,0,0,0
DJI_0402_frame_00032.jpg,DJI_0402,32.0,,,1,0,0,0,0
DJI_0402_frame_00033.jpg,DJI_0402,33.0,,,1,0,0,0,0
DJI_0402_frame_00034.jpg,DJI_0402,34.0,,,1,0,0,0,0
DJI_0402_frame_00035.jpg,DJI_0402,35.0,,,1,0,0,1,0
DJI_0402_frame_00036.jpg,DJI_0402,36.0,,,1,0,0,0,0
DJI_0402_frame_00037.jpg,DJI_0402,37.0,,,1,0,0,0,0
DJI_0402_frame_00038.jpg,DJI_0402,38.0,,,1,0,0,0,0
DJI_0402_frame_00039.jpg,DJI_0402,39.0,,,1,0,0,0,0
DJI_0402_frame_00040.jpg,DJI_0402,40.0,,,1,0,0,1,0
DJI_0402_frame_00041.jpg,DJI_0402,41.0,,,1,0,0,1,0
DJI_0402_frame_00042.jpg,DJI_0402,42.0,,,1,0,0,0,0
DJI_0402_frame_00043.jpg,DJI_0402,43.0,,,1,0,0,1,0
DJI_0402_frame_00044.jpg,DJI_0402,44.0,,,1,0,0,1,0
DJI_0402_frame_00045.jpg,DJI_0402,45.0,,,1,0,0,0,0
DJI_0402_frame_00046.jpg,DJI_0402,46.0,,,1,0,0,1,0
DJI_0402_frame_00047.jpg,DJI_0402,47.0,,,1,0,0,1,0
DJI_0402_frame_00048.jpg,DJI_0402,48.0,,,1,0,0,1,0
DJI_0402_frame_00049.jpg,DJI_0402,49.0,,,1,0,0,1,0
DJI_0402_frame_00050.jpg,DJI_0402,50.0,,,1,0,0,1,0
DJI_0402_frame_00051.jpg,DJI_0402,51.0,,,1,0,0,1,0
DJI_0402_frame_00052.jpg,DJI_0402,52.0,,,1,0,0,1,0
DJI_0402_frame_00053.jpg,DJI_0402,53.0,,,1,0,0,1,0
DJI_0402_frame_00054.jpg,DJI_0402,54.0,,,1,0,0,1,0
DJI_0402_frame_00055.jpg,DJI_0402,55.0,,,1,0,0,1,0
DJI_0402_frame_00056.jpg,DJI_0402,56.0,,,1,0,0,1,0
DJI_0402_frame_00057.jpg,DJI_0402,57.0,,,1,0,0,1,0
DJI_0402_frame_00058.jpg,DJI_0402,58.0,,,1,0,0,1,0
DJI_0402_frame_00059.jpg,DJI_0402,59.0,,,1,0,0,1,0
DJI_0402_frame_00060.jpg,DJI_0402,60.0,,,1,0,0,1,0
DJI_0402_frame_00061.jpg,DJI_0402,61.0,,,1,0,0,1,0
DJI_0402_frame_00062.jpg,DJI_0402,62.0,,,1,0,0,1,0
DJI_0402_frame_00063.jpg,DJI_0402,63.0,,,1,0,0,0,0
DJI_0402_frame_00064.jpg,DJI_0402,64.0,,,1,0,0,0,0
DJI_0402_frame_00065.jpg,DJI_0402,65.0,,,1,0,0,0,0
DJI_0402_frame_00066.jpg,DJI_0402,66.0,,,1,0,0,0,0
DJI_0402_frame_00067.jpg,DJI_0402,67.0,,,1,0,0,1,0
DJI_0402_frame_00068.jpg,DJI_0402,68.0,,,1,0,0,1,0
DJI_0402_frame_00069.jpg,DJI_0402,69.0,,,1,0,0,0,0
DJI_0402_frame_00070.jpg,DJI_0402,70.0,,,1,0,0,0,0
DJI_0402_frame_00071.jpg,DJI_0402,71.0,,,1,0,0,0,0
DJI_0402_frame_00072.jpg,DJI_0402,72.0,,,1,0,0,0,0
DJI_0402_frame_00073.jpg,DJI_0402,73.0,,,1,0,0,0,0
DJI_0402_frame_00074.jpg,DJI_0402,74.0,,,1,0,0,0,0
DJI_0402_frame_00075.jpg,DJI_0402,75.0,,,1,0,0,0,0
DJI_0402_frame_00076.jpg,DJI_0402,76.0,,,1,0,0,0,0
DJI_0402_frame_00077.jpg,DJI_0402,77.0,,,1,0,0,0,0
DJI_0402_frame_00078.jpg,DJI_0402,78.0,,,1,0,0,0,0
DJI_0402_frame_00079.jpg,DJI_0402,79.0,,,1,0,0,0,0
DJI_0402_frame_00080.jpg,DJI_0402,80.0,,,1,0,0,0,0
DJI_0402_frame_00081.jpg,DJI_0402,81.0,,,1,0,0,0,0
DJI_0402_frame_00082.jpg,DJI_0402,82.0,,,1,0,0,0,0
DJI_0402_frame_00083.jpg,DJI_0402,83.0,,,1,0,0,0,0
DJI_0402_frame_00084.jpg,DJI_0402,84.0,,,1,0,0,0,0
DJI_0402_frame_00085.jpg,DJI_0402,85.0,,,1,0,0,0,0
DJI_0402_frame_00086.jpg,DJI_0402,86.0,,,1,0,0,0,0
DJI_0402_frame_00087.jpg,DJI_0402,87.0,,,1,0,0,0,0
DJI_0402_frame_00088.jpg,DJI_0402,88.0,,,1,0,0,0,0
DJI_0402_frame_00089.jpg,DJI_0402,89.0,,,1,0,0,0,0
DJI_0402_frame_00090.jpg,DJI_0402,90.0,,,1,0,0,0,0
DJI_0402_frame_00091.jpg,DJI_0402,91.0,,,1,0,0,0,0
DJI_0402_frame_00092.jpg,DJI_0402,92.0,,,1,0,0,0,0
DJI_0402_frame_00093.jpg,DJI_0402,93.0,,,1,0,0,0,0
DJI_0402_frame_00094.jpg,DJI_0402,94.0,,,1,0,0,0,0
DJI_0403_frame_00000.jpg,DJI_0403,0.0,,,1,0,0,0,0
DJI_0403_frame_00001.jpg,DJI_0403,1.0,,,1,0,0,0,0
DJI_0403_frame_00002.jpg,DJI_0403,2.0,,,1,0,0,0,0
DJI_0403_frame_00003.jpg,DJI_0403,3.0,,,1,0,0,1,0
DJI_0403_frame_00004.jpg,DJI_0403,4.0,,,1,0,0,0,0
DJI_0403_frame_00005.jpg,DJI_0403,5.0,,,1,0,0,1,0
DJI_0403_frame_00006.jpg,DJI_0403,6.0,,,1,0,0,1,0
DJI_0403_frame_00007.jpg,DJI_0403,7.0,,,1,0,0,1,0
DJI_0403_frame_00008.jpg,DJI_0403,8.0,,,1,0,0,1,0
DJI_0403_frame_00009.jpg,DJI_0403,9.0,,,1,0,0,1,0
DJI_0403_frame_00010.jpg,DJI_0403,10.0,,,1,0,0,1,0
DJI_0403_frame_00011.jpg,DJI_0403,11.0,,,1,0,0,0,0
DJI_0403_frame_00012.jpg,DJI_0403,12.0,,,1,0,0,0,0
DJI_0403_frame_00013.jpg,DJI_0403,13.0,,,1,0,0,0,0
DJI_0403_frame_00014.jpg,DJI_0403,14.0,,,1,0,0,0,0
DJI_0403_frame_00015.jpg,DJI_0403,15.0,,,1,0,0,1,0
DJI_0403_frame_00016.jpg,DJI_0403,16.0,,,1,0,0,0,0
DJI_0403_frame_00017.jpg,DJI_0403,17.0,,,1,0,0,0,0
DJI_0403_frame_00018.jpg,DJI_0403,18.0,,,1,0,1,0,0
DJI_0403_frame_00019.jpg,DJI_0403,19.0,,,0,0,1,0,0
DJI_0403_frame_00020.jpg,DJI_0403,20.0,,,0,0,1,0,0
DJI_0403_frame_00021.jpg,DJI_0403,21.0,,,0,0,1,0,0
DJI_0403_frame_00022.jpg,DJI_0403,22.0,,,0,0,1,0,0
DJI_0403_frame_00023.jpg,DJI_0403,23.0,,,0,0,1,0,0
DJI_0403_frame_00024.jpg,DJI_0403,24.0,,,0,0,1,0,0
DJI_0403_frame_00025.jpg,DJI_0403,25.0,,,0,0,1,0,0
DJI_0403_frame_00026.jpg,DJI_0403,26.0,,,0,0,1,0,0
DJI_0403_frame_00027.jpg,DJI_0403,27.0,,,0,0,1,0,0
DJI_0403_frame_00028.jpg,DJI_0403,28.0,,,0,0,1,0,0
DJI_0403_frame_00029.jpg,DJI_0403,29.0,,,0,0,1,0,0
DJI_0403_frame_00030.jpg,DJI_0403,30.0,,,0,0,1,0,0
DJI_0403_frame_00031.jpg,DJI_0403,31.0,,,0,0,1,0,0
DJI_0403_frame_00032.jpg,DJI_0403,32.0,,,1,0,0,0,0
DJI_0403_frame_00033.jpg,DJI_0403,33.0,,,1,0,1,0,0
DJI_0403_frame_00034.jpg,DJI_0403,34.0,,,1,0,1,0,0
DJI_0403_frame_00035.jpg,DJI_0403,35.0,,,0,0,1,0,0
DJI_0403_frame_00036.jpg,DJI_0403,36.0,,,0,0,1,0,0
DJI_0403_frame_00037.jpg,DJI_0403,37.0,,,0,0,1,0,0
DJI_0403_frame_00038.jpg,DJI_0403,38.0,,,0,0,1,0,0
DJI_0403_frame_00039.jpg,DJI_0403,39.0,,,0,0,1,0,0
DJI_0403_frame_00040.jpg,DJI_0403,40.0,,,0,0,1,0,0
DJI_0403_frame_00041.jpg,DJI_0403,41.0,,,0,0,1,0,0
DJI_0403_frame_00042.jpg,DJI_0403,42.0,,,0,0,1,0,0
DJI_0403_frame_00043.jpg,DJI_0403,43.0,,,0,0,1,0,0
DJI_0403_frame_00044.jpg,DJI_0403,44.0,,,0,0,1,0,0
DJI_0403_frame_00045.jpg,DJI_0403,45.0,,,0,0,1,0,0
DJI_0403_frame_00046.jpg,DJI_0403,46.0,,,0,0,1,0,0
DJI_0403_frame_00047.jpg,DJI_0403,47.0,,,0,0,1,0,0
DJI_0403_frame_00048.jpg,DJI_0403,48.0,,,0,0,1,0,0
DJI_0403_frame_00049.jpg,DJI_0403,49.0,,,0,0,1,0,0
DJI_0403_frame_00050.jpg,DJI_0403,50.0,,,0,0,1,0,0
DJI_0403_frame_00051.jpg,DJI_0403,51.0,,,0,0,1,0,0
DJI_0403_frame_00052.jpg,DJI_0403,52.0,,,0,0,1,0,0
DJI_0403_frame_00053.jpg,DJI_0403,53.0,,,0,0,1,0,0
DJI_0403_frame_00054.jpg,DJI_0403,54.0,,,0,0,1,0,0
DJI_0403_frame_00055.jpg,DJI_0403,55.0,,,0,0,1,0,0
DJI_0403_frame_00056.jpg,DJI_0403,56.0,,,0,0,1,0,0
DJI_0403_frame_00057.jpg,DJI_0403,57.0,,,0,0,1,0,0
DJI_0403_frame_00058.jpg,DJI_0403,58.0,,,0,0,1,0,0
DJI_0403_frame_00059.jpg,DJI_0403,59.0,,,0,0,1,0,0
DJI_0403_frame_00060.jpg,DJI_0403,60.0,,,0,0,1,0,0
DJI_0403_frame_00061.jpg,DJI_0403,61.0,,,0,0,1,0,0
DJI_0403_frame_00062.jpg,DJI_0403,62.0,,,0,0,1,0,0
DJI_0403_frame_00063.jpg,DJI_0403,63.0,,,0,0,1,0,0
DJI_0403_frame_00064.jpg,DJI_0403,64.0,,,0,0,1,0,0
